municipio,modalidad,tipo,nombre,direccion,codigo_postal,categoria,unidades_alojativas,plazas_alojativas
ADEJE,EXTRAHOTELERA,APARTAMENTO,PUEBLO TORVISCAS,"C/. VALENCIA (URB. TORVISCAS), 3",38660,3 LLAVES,40,87
ADEJE,EXTRAHOTELERA,APARTAMENTO,PUERTO COLON,PUERTO COLON. SAN EUGENIO,38660,3 LLAVES,20,68
ADEJE,EXTRAHOTELERA,APARTAMENTO,PARADISE COURT,"C/. IRLANDA (URB. SAN EUGENIO), 5",38670,2 LLAVES,21,67
ADEJE,EXTRAHOTELERA,APARTAMENTO,ROYAL SUNSET BEACH CLUB,"C/. LONDRES (PLAYA DE FAÑABE), 6",38660,3 ESTRELLAS,126,294
ADEJE,EXTRAHOTELERA,APARTAMENTO,PARADERO I,"C/. BOLIVIA, S/N.",38660,2 LLAVES,46,99
ADEJE,EXTRAHOTELERA,APARTAMENTO,LABRANDA BAHIA FAÑABE,"AVDA. BRUSELAS (FAÑABE), 7",38660,3 LLAVES,80,320
ADEJE,EXTRAHOTELERA,APARTAMENTO,CIUDAD JARDIN-OLYMPUS,"AVDA. DE LOS PUEBLOS (CIUDAD JARDIN) SAN EUGENIO, 16",38670,1 LLAVE,175,570
ADEJE,EXTRAHOTELERA,APARTAMENTO,TINERFE GARDEN-TIGARSUR,"AVDA. DE LOS PUEBLOS (URB. SAN EUGENIO), 24",38660,2 LLAVES,45,127
ADEJE,EXTRAHOTELERA,APARTAMENTO,PARAISO DEL SOL,"AVDA. V CENTENARIO, 7",38670,2 LLAVES,94,192
ADEJE,EXTRAHOTELERA,APARTAMENTO,RAMADA RESIDENCES BY WYNDHAM COSTA ADEJE,"C/. GALICIA (TORVISCAS ALTO), 6",38660,2 LLAVES,181,631
ADEJE,EXTRAHOTELERA,APARTAMENTO,CALLAO GARDEN,"C/. EL JABLE, 39",38670,3 ESTRELLAS,219,486
ADEJE,EXTRAHOTELERA,APARTAMENTO,REGENCY CLUB,"C/. CATALUÑA (TORVISCAS ALTO), 2",38660,3 LLAVES,90,270
ADEJE,EXTRAHOTELERA,APARTAMENTO,SUN BEACH,"C/. LONDRES (PLAYA DE FAÑABE), 3",38670,3 ESTRELLAS,133,292
ADEJE,EXTRAHOTELERA,APARTAMENTO,BAOBAB DOMAINS,"C/. ROQUES DEL SALMOR, 5",38679,5 ESTRELLAS,125,330
ADEJE,EXTRAHOTELERA,APARTAMENTO,ALBATROS APARTMENTS BY MALIBU,"AVDA. EL JABLE, 42",38678,1 LLAVE,28,68
ADEJE,EXTRAHOTELERA,APARTAMENTO,MARAZUL DEL SUR,"C/. BOCA CANGREJO, S/N. (EDIF. MAR AZUL)",38678,2 LLAVES,168,657
ADEJE,EXTRAHOTELERA,APARTAMENTO,CALLAOMAR,"TENIQUE, 4",38000,1 LLAVE,15,30
ADEJE,EXTRAHOTELERA,APARTAMENTO,LAGUNA PARK I,"AVDA. DE LOS PUEBLOS (SAN EUGENIO), 26",38660,3 ESTRELLAS,147,296
ADEJE,EXTRAHOTELERA,APARTAMENTO,SUEÑO AZUL,"URB. SUEÑO AZUL, 6A",38670,2 LLAVES,31,186
ADEJE,EXTRAHOTELERA,APARTAMENTO,PARQUE ROYALE,"AVDA. ERNESTO SARTIE, 10",38660,3 LLAVES,56,159
ADEJE,EXTRAHOTELERA,APARTAMENTO,OLYMPIA,"C/. VENEZUELA, 12",38660,2 LLAVES,75,166
ADEJE,EXTRAHOTELERA,APARTAMENTO,LAGUNA PARK 2-COSTA LAGUNA,"C/. PAIS VASCO, 1",38670,2 LLAVES,0,0
ADEJE,EXTRAHOTELERA,APARTAMENTO,YUCCA PARK,"C/. LONDRES, 8 (URB. FAÑABE)",38670,3 LLAVES,98,312
ADEJE,EXTRAHOTELERA,APARTAMENTO,ORO VERDE,"AVDA. ERNESTO SARTI, S/N (PARCELA B-6)",38000,1 LLAVE,93,317
ADEJE,EXTRAHOTELERA,APARTAMENTO,"OLIVOS, LOS","C/. PARIS (PLAYA FAÑABE), 1",38670,3 LLAVES,187,511
ADEJE,EXTRAHOTELERA,APARTAMENTO,LABRANDA VILLAS FAÑABE,"AVDA. BRUSELAS (FAÑABE), 5",38670,3 LLAVES,106,346
ADEJE,EXTRAHOTELERA,APARTAMENTO,CORAL DREAMS,"AVDA. V CENTENARIO, 7",38660,3 ESTRELLAS,49,98
ADEJE,EXTRAHOTELERA,APARTAMENTO,PARQUE DEL SOL,"C/. LONDRES (URB. PLAYA FAÑABE), 11",38639,3 ESTRELLAS,184,422
ADEJE,EXTRAHOTELERA,APARTAMENTO,OCEAN PARK,"AVDA. DE LOS PUEBLOS, S/N. (URB. SAN EUGENIO)",38660,2 LLAVES,105,310
ADEJE,EXTRAHOTELERA,APARTAMENTO,NEPTUNO COSTA ADEJE,"C/. CATALUÑA (TORVISCAS ALTO), 3",38678,3 LLAVES,106,308
ADEJE,EXTRAHOTELERA,APARTAMENTO,PERLA GRIS,"C/. LA LAVA (CALLAO SALVAJE), 4",38000,2 LLAVES,108,341
ADEJE,EXTRAHOTELERA,APARTAMENTO,HACIENDAS,"AVDA. EUROPA, 31 (SAN EUGENIO ALTO)",38660,3 ESTRELLAS,40,172
ADEJE,EXTRAHOTELERA,APARTAMENTO,BORINQUEN,"AVDA. VENEZUELA, 14",38660,2 LLAVES,62,128
ADEJE,EXTRAHOTELERA,APARTAMENTO,PANORAMICA,"C/. BALEARES, 17",38660,3 ESTRELLAS,90,180
ADEJE,EXTRAHOTELERA,APARTAMENTO,PARQUE DE LAS AMERICAS,"AVDA. RAFAEL PUIG, 16",38660,2 LLAVES,53,171
ADEJE,EXTRAHOTELERA,APARTAMENTO,SUNSET HARBOUR CLUB,"C/. VALENCIA (TORVISCAS), 3",38660,3 LLAVES,172,438
ADEJE,EXTRAHOTELERA,APARTAMENTO,SUNSET BAY CLUB,"C/. ANTONIO NAVARRO (URB. TORVISCAS), 1",38670,2 LLAVES,206,534
ADEJE,EXTRAHOTELERA,APARTAMENTO,MARINA PRIMAVERA FASE II-READER,"SAN EUGENIO, 2 URB.",38000,2 LLAVES,2,4
ADEJE,EXTRAHOTELERA,APARTAMENTO,HACIENDAS IV,"C/. DINAMARCA, 7 (SAN EUGENIO ALTO)",38660,3 ESTRELLAS PROVISIONAL,62,314
ADEJE,EXTRAHOTELERA,APARTAMENTO,PLAYAOLID,"AVDA. ERNESTO SARTI, 18 (URB. TORVISCAS)",38660,3 LLAVES,202,587
ADEJE,EXTRAHOTELERA,APARTAMENTO,FLORIDA PARK CLUB,URB. SAN EUGENIO ALTO (SAN EUGENIO),38670,2 LLAVES,31,81
ADEJE,EXTRAHOTELERA,APARTAMENTO,LAGOS DE FAÑABE,"C/. LONDRES, 8 (PLAYA DE FAÑABE)",38670,4 ESTRELLAS,113,265
ADEJE,EXTRAHOTELERA,APARTAMENTO,COSTA ADEJE GARDENS,"AVDA. EUROPA (SAN EUGENIO), 29",38670,1 LLAVE,50,177
ADEJE,EXTRAHOTELERA,APARTAMENTO,CARIBE,"AVDA. V CENTENARIO, 3",38660,3 ESTRELLAS,110,220
ADEJE,EXTRAHOTELERA,BUNGALOW,BUNGAMERICA,"URUGUAY, 2",38660,2 LLAVES,32,114
ADEJE,EXTRAHOTELERA,CASA EMBLEMATICA,"GRANERO, EL ","C/. LA CONCEPCION, 6",38677,CATEGORIA UNICA,2,4
ADEJE,EXTRAHOTELERA,CASA RURAL,EL ESTANCO VIEJO,"C/ EL PEDREGAL, S/N",38677,COMPARTIDO OTROS USUARIOS,4,9
ADEJE,EXTRAHOTELERA,CASA RURAL,"TAJONA, LA","BARRIO LA CONCEPCION, 2",38677,EXCLUSIVO,1,3
ADEJE,EXTRAHOTELERA,CASA RURAL,SIN DENOMINACION,"C/ LA CONCEPCION, S/N",38670,,1,2
ADEJE,HOTELERA,HOTEL,ROYAL GARDEN RIVER,"C/. ALCOJORA, S/N. (BARRANCO LAS TORRES)",38660,5 ESTRELLAS GRAN LUJO,50,140
ADEJE,HOTELERA,HOTEL,PANORAMA,"C/. GRAN BRETAÑA, 8",38660,3 ESTRELLAS,174,446
ADEJE,HOTELERA,HOTEL,CORAL OCEAN VIEW,"AVDA. VENEZUELA, 10",38670,4 ESTRELLAS,143,299
ADEJE,HOTELERA,HOTEL,"PINTA, LA","AVDA. DE ESPAÑA (SAN EUGENIO), 5",38670,4 ESTRELLAS,229,523
ADEJE,HOTELERA,HOTEL,GRAN HOTEL BAHIA DEL DUQUE,"AVDA. ALCALDE WALTER PAETZMAN, S/N.",38660,5 ESTRELLAS LUJO,362,732
ADEJE,HOTELERA,HOTEL,GF GRAN COSTA ADEJE,"AVDA. BRUSELAS, 16",38660,5 ESTRELLAS,458,802
ADEJE,HOTELERA,HOTEL,PALM BEACH TENERIFE,"AVDA. V CENTENARIO, 11",38660,2 ESTRELLAS,318,967
ADEJE,HOTELERA,HOTEL,SANTA MARIA,"AVDA. ERNESTO SARTI, S/N.",38660,3 ESTRELLAS,402,906
ADEJE,HOTELERA,HOTEL,ROYAL GARDEN VILLAS,C/. ALCOJORA (PARCELA RT-4) CAMPO DE GOLF DE ADEJE,38670,5 ESTRELLAS GRAN LUJO,28,90
ADEJE,HOTELERA,HOTEL,SUNWING RESORT FAÑABE,"C/. LONDRES, 4 (URB. PLAYA DE FAÑABE)",38000,4 ESTRELLAS,241,482
ADEJE,HOTELERA,HOTEL,BAHIA PRINCIPE TENERIFE,"C/. IDAFE, 5",38670,4 ESTRELLAS,244,560
ADEJE,HOTELERA,HOTEL,RIU BUENAVISTA,"C/. HORNO (PLAYA PARAISO), 35",38660,4 ESTRELLAS,509,1100
ADEJE,HOTELERA,HOTEL,ISABEL,"AVDA. MOSCU, 2",38660,4 ESTRELLAS,384,778
ADEJE,HOTELERA,HOTEL,MYND ADEJE,"C/. EL JABLE (CALLAO SALVAJE), 36",38670,4 ESTRELLAS,165,330
ADEJE,HOTELERA,HOTEL,ROCA NIVARIA ,"AVDA. ADEJE 300, S/N.",38660,5 ESTRELLAS,289,577
ADEJE,HOTELERA,HOTEL,BAHIA PRINCIPE COSTA ADEJE,"C/. IDAFE, 5",38670,4 ESTRELLAS,505,1112
ADEJE,HOTELERA,HOTEL,OLE TROPICAL TENERIFE ,"C/. BOLIVIA, S/N. (PLAYA DE LAS AMÉRICAS)",38660,4 ESTRELLAS,189,392
ADEJE,HOTELERA,HOTEL,COLON GUANAHANI,"AVDA.  BRUSELAS (PLAYA FAÑABE), 9",38670,4 ESTRELLAS,154,308
ADEJE,HOTELERA,HOTEL,RIU ARECAS,LA HERRADURA PARCELA I URB.,38670,4 ESTRELLAS,371,697
ADEJE,HOTELERA,HOTEL,ALUASOUL COSTA ADEJE ,"AVDA. DE ESPAÑA (SAN EUGENIO), 26",38660,4 ESTRELLAS,226,454
ADEJE,HOTELERA,HOTEL,FLAMINGO SUITES,"AVDA. DE ESPAÑA, S/N.",38670,4 ESTRELLAS,18,50
ADEJE,HOTELERA,HOTEL,VICTORIA SUITE HOTEL,"PLAYA DEL DUQUE, S/N.",38670,5 ESTRELLAS GRAN LUJO,242,484
ADEJE,HOTELERA,HOTEL,GRAN HOTEL CALLAO SPORT,"C/. EL CANTO, S/N. (URB. EL JABLE)",38670,4 ESTRELLAS,92,190
ADEJE,HOTELERA,HOTEL,CLUB ATLANTIS,"AVDA. COLON (SAN EUGENIO), 3",38670,4 ESTRELLAS,255,533
ADEJE,HOTELERA,HOTEL,VILLA TAGORO,"C/. GALICIA, 3",38679,4 ESTRELLAS,205,615
ADEJE,HOTELERA,HOTEL,COSTA ADEJE PALACE,PLAYA DE LA ENRAMADA (LA CALETA),38670,4 ESTRELLAS,467,646
ADEJE,HOTELERA,HOTEL,GRAN TINERFE,"AVDA. RAFAEL PUIG LLUVINA, 13",38660,4 ESTRELLAS,365,703
ADEJE,HOTELERA,HOTEL,IBEROSTAR SABILA,"AVDA. ERNESTO SARTI, 5",38670,5 ESTRELLAS,472,836
ADEJE,HOTELERA,HOTEL,SUITE VILLA MARIA,"AVDA. DE LOS ACANTILADOS, S/N. (PUERTO COLON)",38670,5 ESTRELLAS,78,318
ADEJE,HOTELERA,HOTEL,TROYA,"AVDA. RAFAEL PUIG LLUVINA, 2",38670,4 ESTRELLAS,354,708
ADEJE,HOTELERA,HOTEL,JACARANDA,"C/. BRUSELAS (URB. FAÑABE), 4-6",38670,4 ESTRELLAS,563,1083
ADEJE,HOTELERA,HOTEL,HARD ROCK HOTEL,"AVDA. ADEJE 300, 2",38678,5 ESTRELLAS,624,1250
ADEJE,HOTELERA,HOTEL,IBEROSTAR GRAND HOTEL ANTHELIA,"C/. LONDRES (URB.PLAYA DEL DUQUE), 15",38660,5 ESTRELLAS,391,727
ADEJE,HOTELERA,HOTEL,ALTOS DEL DUQUE,PARCELA 3B PLAN PARCIAL PLAYAS DEL DUQUE,38660,5 ESTRELLAS,40,94
ADEJE,HOTELERA,HOTEL,FLAMINGO BEACHMATE,"AVDA. ESPAÑA (URB. SAN EUGENIO), 3",38670,4 ESTRELLAS,139,326
ADEJE,HOTELERA,HOTEL,MELIA JARDINES DEL TEIDE,"AVDA. AGANDO, S/N. (URB. MIRADOR DEL DUQUE)",38670,5 ESTRELLAS,300,600
ADEJE,HOTELERA,HOTEL,GRAN TACANDE,"AVDA.FERNANDO LÓPEZ, S/N, (ANTIGUO  ALCALDE WALTER PAETZMANN)",38670,5 ESTRELLAS,250,428
ADEJE,HOTELERA,HOTEL,ATLANTIC HOLIDAY CENTER,"C/. LA LAVA, 10",38678,4 ESTRELLAS,94,188
ADEJE,HOTELERA,HOTEL,"DUQUE, EL","AVDA. BRUSELAS, 14",38660,4 ESTRELLAS,210,486
ADEJE,HOTELERA,HOTEL,LA PLANTACION DEL SUR,"C/. ROQUE NUBLO, 1",38660,5 ESTRELLAS LUJO,164,330
ADEJE,HOTELERA,HOTEL,"TIVOLI LA CALETA, COSTA ADEJE, TENERIFE RESORT","C/. LA ENRAMADA, 9",38779,5 ESTRELLAS GRAN LUJO,284,544
ADEJE,HOTELERA,HOTEL,WYNDHAM RESIDENCES COSTA ADEJE,"C/. FINLANDIA (SAN EUGENIO ALTO), 8",38660,1 ESTRELLA,63,179
ADEJE,HOTELERA,HOTEL,CHATUR PLAYA REAL,"AVDA. MOSCU (URB. JARDINES DEL DUQUE), 111",38670,4 ESTRELLAS,95,190
ADEJE,HOTELERA,HOTEL,MALIBU PARK I,"C/. ITALIA (SAN EUGENIO ALTO), 4",38670,3 ESTRELLAS,161,332
ADEJE,HOTELERA,HOTEL,"HIBISCOS, LOS","AVDA. DE LOS PUEBLOS (URB. SAN EUGENIO), 2",38660,3 ESTRELLAS,296,577
ADEJE,HOTELERA,HOTEL,TROPICAL PARK,"C/. EL JABLE, 41",3867,4 ESTRELLAS,160,506
ADEJE,HOTELERA,HOTEL,HOVIMA SUITES COSTA ADEJE,"AVDA. BRUSELAS (PLAYA DE FAÑABE), 8",38670,4 ESTRELLAS,440,1317
ADEJE,HOTELERA,HOTEL,"DALIAS, LAS","C/. GRAN BRETAÑA (SAN EUGENIO), 1",38660,4 ESTRELLAS,404,728
ADEJE,HOTELERA,HOTEL,JARDIN TROPICAL,"C/. GRAN BRETAÑA, S/N.",38670,3 ESTRELLAS,37,76
ADEJE,HOTELERA,HOTEL,RIU PALACE TENERIFE,"C/. LA HERRADURA, S/N. PARCELA I (URB.  LA CALETA)",38679,4 ESTRELLAS,296,502
ADEJE,HOTELERA,HOTEL,BOUGANVILLE PLAYA,"AVDA. ERNESTO SARTI (SAN EUGENIO), 5",38660,4 ESTRELLAS,481,914
ADEJE,HOTELERA,HOTEL,H10 ATLANTIC SUNSET,"AVDA. ADEJE 300, 15",38678,5 ESTRELLAS,291,582
ADEJE,HOTELERA,HOTEL,HOVIMA COSTA ADEJE,"AVDA. ERNESTO SARTI (URB. TORVISCAS), 8",38660,4 ESTRELLAS,313,589
ADEJE,HOTELERA,HOTEL,IBEROSTAR GRAND HOTEL EL MIRADOR,"AVDA. BRUSELAS, S/N. (PLAYA DEL DUQUE)",38660,5 ESTRELLAS GRAN LUJO,127,254
ADEJE,HOTELERA,HOTEL,WYNDHAM RESIDENCES COSTA ADEJE,"C/. FINLANDIA (SAN EUGENIO ALTO), 8",38670,1 ESTRELLA,25,81
ADEJE,HOTELERA,HOTEL,JARDINES DE NIVARIA,"C/. PARIS, S/N. (PLAYA DE FAÑABE)",38660,5 ESTRELLAS,269,546
ADEJE,HOTELERA,HOTEL,PRINCESS INSPIRE TENERIFE,"C/. BRUSELAS (FAÑABE), 1",38660,4 ESTRELLAS,266,550
ADEJE,HOTELERA,HOTEL,DREAMS JARDÍN TROPICAL RESORT & SPA,"C/. GRAN BRETAÑA, S/N",38670,4 ESTRELLAS,376,737
ADEJE,HOTELERA,HOTEL,JARDIN CALETA,"C/. LA CALETA, 34",38670,3 ESTRELLAS,244,496
ADEJE,HOTELERA,HOTEL,PONDEROSA,AVDA. CONSTITUCION (EDIF. TENEGUIA II),38670,3 ESTRELLAS,175,406
ADEJE,HOTELERA,HOTEL,ROYAL HIDEAWAY CORALES RESORT,"AVDA. VIRGEN DE GUADALUPE (PLAYA DE LA ENRAMADA), 21",38679,5 ESTRELLAS GRAN LUJO,235,602
ADEJE,HOTELERA,HOTEL,VILLA DE ADEJE BEACH,"AVDA. LOS PUEBLOS (SAN EUGENIO), 41",38660,3 ESTRELLAS,120,240
ADEJE,HOTELERA,HOTEL,GF FAÑABE,"AVDA. BRUSELAS, 13",38660,4 ESTRELLAS,413,826
ADEJE,HOTELERA,HOTEL,GUAYARMINA PRINCESS,"C/. LONDRES (PLAYA DE FAÑABE), 1",38670,4 ESTRELLAS,506,1028
ADEJE,HOTELERA,HOTEL RURAL,FONDA CENTRAL,"GRANDE, 26",38670,1 PALMERA,11,22
ADEJE,HOTELERA,HOTEL URBANO,SUNCANARIAS HOTEL ADEJE PLAZA,"C/. GRANDE, 34",38670,1 ESTRELLA,9,18
ADEJE,HOTELERA,PENSION,ROCHIL,"CORPUS CHRISTI, 29",38670,1 ESTRELLA,11,22
ADEJE,HOTELERA,PENSION,"FINQUITA, LA","SUBIDA DE TAUCHO, LOS MENORES",38670,1 ESTRELLA,10,20
ADEJE,HOTELERA,PENSION,RAMBLA,"GRANDE, 7",38670,1 ESTRELLA,9,15
ADEJE,EXTRAHOTELERA,VILLA,VILLA DUQUE 14,"C/. BISCHOFSHOFEN, 14",38679,CATEGORIA UNICA PROVISIONAL,1,6
ADEJE,EXTRAHOTELERA,VILLA,VILLA DUQUE 18,"C/. BISCHOFSHOFEN, 18",,CATEGORIA UNICA PROVISIONAL,1,6
ADEJE,EXTRAHOTELERA,VILLA,VILLA DUQUE 16,"C/. BISCHOFSHOFEN, 18",38660,CATEGORIA UNICA PROVISIONAL,1,6
ADEJE,EXTRAHOTELERA,VIVIENDA TURISTICA,DAVID,CHALET 121 DE SUEÑO AZUL,38600,SIN DATO,2,4
ARAFO,EXTRAHOTELERA,CASA RURAL,CASA DEL CURA VIEJO,"C/ ANDRES OROZCO BATISTA, 18",38550,COMPARTIDO OTROS USUARIOS,3,7
ARAFO,EXTRAHOTELERA,CASA RURAL,LO DE CARTA,"CTRA. A LA CUMBRE (MONTE LOS FRAILES), KM. 5,5",38550,EXCLUSIVO,3,6
ARAFO,EXTRAHOTELERA,CASA RURAL,"CASITA, LA","C/ JOSE ANTONIO, 13",38550,EXCLUSIVO,2,4
ARICO,EXTRAHOTELERA,CASA EMBLEMATICA,"VIÑITA, LA","C/ VEINTICINCO DE JULIO, 14",38589,CATEGORIA UNICA,2,4
ARICO,EXTRAHOTELERA,CASA RURAL,"CANGO, EL","C/ VERA LOS CANGUEROS, 8-10",38580,EXCLUSIVO,1,3
ARICO,EXTRAHOTELERA,CASA RURAL,"DICA, LA","C/ VISTA DEL BALO, 37",38592,COMPARTIDO OTROS USUARIOS,2,7
ARICO,EXTRAHOTELERA,CASA RURAL,CASA MUSEO,"C/ LA LUZ, 6",38589,EXCLUSIVO,1,2
ARICO,EXTRAHOTELERA,CASA RURAL,MAMA LOLA,"C/ TRECE DE SEPTIEMBRE, 11",38580,EXCLUSIVO,2,6
ARICO,EXTRAHOTELERA,CASA RURAL,LOS GAVILANES,"C/. LOS GAVILANES, 22",38580,CATEGORIA UNICA,3,6
ARICO,EXTRAHOTELERA,CASA RURAL,LA MALVASIA,FINCA LA QUINTA,38580,COMPARTIDO OTROS USUARIOS,6,15
ARICO,EXTRAHOTELERA,CASA RURAL,EL SITIO DE LA CASA,"C/ LA LUZ, 14",38580,EXCLUSIVO,3,6
ARICO,EXTRAHOTELERA,CASA RURAL,"ESCUELA, LA","C/ BENITEZ DE LUGO, 12",38580,EXCLUSIVO,3,6
ARICO,EXTRAHOTELERA,CASA RURAL,"BELESA, LA ","C/ TRECE DE SEPTIEMBRE, 13",38589,EXCLUSIVO,2,5
ARICO,EXTRAHOTELERA,CASA RURAL,CASA RENOLLON,"C/ BENITEZ DE LUGO, 10",38589,CATEGORIA UNICA,2,4
ARICO,EXTRAHOTELERA,CASA RURAL,"MORAL, EL","C/ CASTILLO, 13",38589,EXCLUSIVO,2,4
ARICO,EXTRAHOTELERA,CASA RURAL,FINCA CABRERA,LOMO CENTENO,38592,COMPARTIDO OTROS USUARIOS,2,4
ARICO,EXTRAHOTELERA,CASA RURAL,"TUNERA, LA","C/ MANZANO, 16",38580,EXCLUSIVO,2,4
ARICO,HOTELERA,HOTEL,VIÑA VIEJA,"LA LUZ, 8",38589,2 ESTRELLAS,9,18
ARICO,EXTRAHOTELERA,VIVIENDA TURISTICA,VILLA ISABEL,"NUEVA, 6",38000,SIN DATO,2,4
ARICO,EXTRAHOTELERA,VIVIENDA TURISTICA,"PLAZA, LA","VERA DE LOS CANGUEROS, 4",38260,SIN DATO,3,6
ARICO,EXTRAHOTELERA,VIVIENDA TURISTICA,GUAJARA,"C/ SAN BARTOLOME, 7",38593,SIN DATO,2,3
ARICO,EXTRAHOTELERA,VIVIENDA TURISTICA,CASA GRILLO,"CALLEJON EL LLANO, 6 (EL CARMEN)",38580,SIN DATO,2,4
ARICO,EXTRAHOTELERA,VIVIENDA TURISTICA,CASA BAILON,FINCA LAS AGUILILLAS IMOSE,38589,SIN DATO,2,3
ARONA,EXTRAHOTELERA,APARTAMENTO,DON JOSE,"MARIA AMALIA FRIAS, 2",38660,1 LLAVE,28,103
ARONA,EXTRAHOTELERA,APARTAMENTO,PARQUE SANTIAGO III-SANTIAGO SUR,"AVDA. DE LAS AMERICAS, 2",38660,3 LLAVES,468,1357
ARONA,EXTRAHOTELERA,APARTAMENTO,COLON II,"AVDA. RAFAEL PUIG LLUVINA, 13",38660,3 LLAVES,90,235
ARONA,EXTRAHOTELERA,APARTAMENTO,"CLAVELES, LOS","ASOMADA DE LOS CERES, S/N.",38650,2 LLAVES,105,370
ARONA,EXTRAHOTELERA,APARTAMENTO,EL CHAPARRAL - AVANTI,"AVDA. ALFONSO TAVIO, S/N.",38000,1 LLAVE,4,9
ARONA,EXTRAHOTELERA,APARTAMENTO,VILLAMANDI GOLF RESORT,"C/. LADERAS DEL ESPEJO (CAMPO DE GOLF), 7",38660,5 LLAVES,108,218
ARONA,EXTRAHOTELERA,APARTAMENTO,ORO BLANCO,"ARQUITECTO GOMEZ CUESTA, 12",38000,2 LLAVES,143,442
ARONA,EXTRAHOTELERA,APARTAMENTO,THE SUITES AT BEVERLY HILLS,"C/. RODEO (OASIS DEL SUR), 9",38650,3 LLAVES,247,890
ARONA,EXTRAHOTELERA,APARTAMENTO,DRAGO-LAURENT,URB. TEN-BEL (AGRUPACION DRAGO),38630,1 LLAVE,2,8
ARONA,EXTRAHOTELERA,APARTAMENTO,PLAYAZUL II,"C/. ARQUITECTO GOMEZ CUESTA, 6",38660,2 LLAVES,89,285
ARONA,EXTRAHOTELERA,APARTAMENTO,HG CRISTIAN SUR,"AMSTERDAN, 4 - AVDA.",38650,3 LLAVES,132,496
ARONA,EXTRAHOTELERA,APARTAMENTO,PALOMA BEACH-PARKES,"AVDA. JUAN CARLOS I, 43",38640,3 ESTRELLAS,127,405
ARONA,EXTRAHOTELERA,APARTAMENTO,SOL MAR,"LAS LEANDRAS, S/N.",38650,1 LLAVE,22,52
ARONA,EXTRAHOTELERA,APARTAMENTO,ANDORRA,"C/. ANTONIO DOMINGUEZ, 10",38660,2 LLAVES,59,185
ARONA,EXTRAHOTELERA,APARTAMENTO,COMPOSTELA BEACH,"AVDA. LITORAL, 8",38660,3 LLAVES,242,836
ARONA,EXTRAHOTELERA,APARTAMENTO,SAINT GEORGE,"AVDA. FINLANDIA, 5",38650,3 ESTRELLAS,104,248
ARONA,EXTRAHOTELERA,APARTAMENTO,PARADERO II,"C/. ARQUITECTO GOMEZ CUESTA, S/N.",38660,1 LLAVE,60,120
ARONA,EXTRAHOTELERA,APARTAMENTO,PARADISE PARK,"OASIS DEL SUR, S/N. URB.",38650,3 LLAVES,112,361
ARONA,EXTRAHOTELERA,APARTAMENTO,COSTA SILENCIO-WESTHAVEN BAY,"C/. DE LA TE, 15",38630,1 LLAVE,25,91
ARONA,EXTRAHOTELERA,APARTAMENTO,OASIS GOLF RESORT,"C/. MEANDRO, 3",38650,4 ESTRELLAS,206,489
ARONA,EXTRAHOTELERA,APARTAMENTO,VICTORIA COURT I,"C/. LONDRES, 6",38650,1 LLAVE,105,336
ARONA,EXTRAHOTELERA,APARTAMENTO,ROYAL PALM,"C/. EL RODEO (URB. OASIS DEL SUR), 6",38650,2 LLAVES,130,366
ARONA,EXTRAHOTELERA,APARTAMENTO,BAL APARTMENTS,"C/. CARACAS, 20",38660,2 LLAVES,11,38
ARONA,EXTRAHOTELERA,APARTAMENTO,"CARDONES, LOS","AVDA. RAFAEL PUIG LLUVINA, 17",38660,2 LLAVES,38,113
ARONA,EXTRAHOTELERA,APARTAMENTO,MAR Y SOL,"AVDA. AMSTERDAN, 8",38650,3 ESTRELLAS,164,423
ARONA,EXTRAHOTELERA,APARTAMENTO,VERODAL,"MONTAÑA CHICA, S/N.",38000,2 LLAVES,12,48
ARONA,EXTRAHOTELERA,APARTAMENTO,"FUENTES, LAS",SUECIA AVDA. PROLONGACION,38000,2 LLAVES,18,54
ARONA,EXTRAHOTELERA,APARTAMENTO,PIRAMIDES,"C/. VICTOR ZURITA SOLER, 4",38660,3 LLAVES,338,742
ARONA,EXTRAHOTELERA,APARTAMENTO,PRIMAVERA,TEN-BEL URB.,38640,3 LLAVES,267,797
ARONA,EXTRAHOTELERA,APARTAMENTO,CASTLE HARBOUR,"AVDA. SAN FRANCISCO, S/N. (URB. OASIS DEL SUR)",38650,3 LLAVES,183,424
ARONA,EXTRAHOTELERA,APARTAMENTO,KLAYMAN OLIVINA APARTHOTEL,"AVDA. AMSTERDAM (URB. OASIS DEL SUR), 6",38650,3 LLAVES,49,135
ARONA,EXTRAHOTELERA,APARTAMENTO,ALBORADA OCEAN CLUB,"AVDA. FERNANDO SALAZAR GONZALEZ, S/N.",38640,3 LLAVES,282,846
ARONA,EXTRAHOTELERA,APARTAMENTO,AGUAMAR,"C/. ALBANY, 2",38650,3 LLAVES,140,430
ARONA,EXTRAHOTELERA,APARTAMENTO,VISTASUR,"DE LAS AMERICAS, 10, AVDA.",38660,3 LLAVES,59,215
ARONA,EXTRAHOTELERA,APARTAMENTO,CORAL COMPOSTELA BEACH GOLF,"C/. LOS ARENALES (CAMPO DE GOLF DE LAS AMERICAS), 16",38660,3 ESTRELLAS,156,326
ARONA,EXTRAHOTELERA,APARTAMENTO,GUAYERO,PENETRACION AVDA.,38640,2 LLAVES,32,96
ARONA,EXTRAHOTELERA,APARTAMENTO,GRANADA PARK,"C/. MEANDROS (GOLF LAS AMERICAS), 2",38650,3 ESTRELLAS,0,0
ARONA,EXTRAHOTELERA,APARTAMENTO,DRAGO-PEERAER,URB. TEN-BEL (AGRUPACION DRAGO),38630,1 LLAVE,5,10
ARONA,EXTRAHOTELERA,APARTAMENTO,"ALISIOS, LOS","CTRA. TF-655 LOS CRISTIANOS-GUAZA, 11 (LOS ALISIOS) SOMADA DE LOS ERES",38640,4 ESTRELLAS,121,274
ARONA,EXTRAHOTELERA,APARTAMENTO,OCEAN AZAHARA PLAYA,"PROLONGACIÓN AVDA. SUECIA, S/N.",38650,2 LLAVES,69,159
ARONA,EXTRAHOTELERA,APARTAMENTO,BAHIA COLON,"LA PALOMA, 9",38650,2 LLAVES,9,35
ARONA,EXTRAHOTELERA,APARTAMENTO,GREEN GOLF RESORT,"C/. LANDA (CAMPO DE GOLF LAS AMERICAS), 1",38650,4 ESTRELLAS,121,325
ARONA,EXTRAHOTELERA,APARTAMENTO,CALIFORNIA,"C/. NOELIA AFONSO, 2",38660,2 LLAVES,95,200
ARONA,EXTRAHOTELERA,APARTAMENTO,GEMINIS-LAURENT,TEN-BEL URB.,38000,1 LLAVE,2,8
ARONA,EXTRAHOTELERA,APARTAMENTO,SUMMERLAND-FERNANDEZ,ASOMADA DE LOS ERES,38000,2 LLAVES,30,70
ARONA,EXTRAHOTELERA,APARTAMENTO,THE SUITES AT BEVERLY HILLS HEIGHTS,"C/. SIERRA NEVADA, 1 (URB. OASIS DEL SUR)",38650,3 LLAVES,110,474
ARONA,EXTRAHOTELERA,APARTAMENTO,PARQUE SANTIAGO II-PINACLE,"AVDA. MARITIMA, S/N.",38660,1 LLAVE,67,297
ARONA,EXTRAHOTELERA,APARTAMENTO,ANA MARIA,"RAMON PINO, 17",38000,1 LLAVE,5,20
ARONA,EXTRAHOTELERA,APARTAMENTO,EUREKA,TEN-BEL URB.,38640,2 LLAVES,99,230
ARONA,EXTRAHOTELERA,APARTAMENTO,COSTAMAR-VALIENTE,"JUAN CARLOS I, 40",38000,1 LLAVE,31,100
ARONA,EXTRAHOTELERA,APARTAMENTO,TENERIFE SUR,AMSTERDAM. 7,38650,3 LLAVES,199,539
ARONA,EXTRAHOTELERA,APARTAMENTO,COMODORO-VICTOR,"JUAN CARLOS I, 30, AVDA.",38000,1 LLAVE,3,7
ARONA,EXTRAHOTELERA,APARTAMENTO,THE SUITES AT THE MIRAGE,OASIS DEL SUR  URB.,38650,1 LLAVE,335,1125
ARONA,EXTRAHOTELERA,APARTAMENTO,PLAYA HONDA II,"C/. NOELIA AFONSO, 8",38660,2 LLAVES,107,321
ARONA,EXTRAHOTELERA,APARTAMENTO,BUNGALOWS ATLANTIDA,"AVDA. LONDRES (RESIDENCIAL LAS PLATANERAS), 3",38650,3 LLAVES,192,630
ARONA,EXTRAHOTELERA,APARTAMENTO,WHALA! TENERIFE,"ANTONIO DOMINGUEZ, 20- AVDA.",38000,1 LLAVE,76,189
ARONA,EXTRAHOTELERA,APARTAMENTO,GOLF RESORT,"C/. MEANDRO, 3",38000,3 LLAVES,51,203
ARONA,EXTRAHOTELERA,APARTAMENTO,COMODORO-BAILEY,"JUAN CARLOS I, 30, AVDA.",38000,1 LLAVE,12,32
ARONA,EXTRAHOTELERA,APARTAMENTO,OHASIS BOUTIQUE SUITES,"AVDA. SAN FRANCISCO (SOMADA DE LOS ERES), 15",38650,3 ESTRELLAS PROVISIONAL,90,360
ARONA,EXTRAHOTELERA,APARTAMENTO,PALIA DON PEDRO,"C/. HERCULES (URB. TEN-BEL), 3",38640,3 ESTRELLAS,141,292
ARONA,EXTRAHOTELERA,APARTAMENTO,PARQUE SANTIAGO IV,"AVDA. DEL LITORAL, S/N.",38660,3 ESTRELLAS,256,669
ARONA,EXTRAHOTELERA,APARTAMENTO,PARQUE CATTLEYA,"SANTIAGO PUIG, S/N, AVDA.",38660,2 LLAVES,39,100
ARONA,EXTRAHOTELERA,APARTAMENTO,ALEGRIA BARRANCO,"AVDA. SANTIAGO PUIG, 3",38640,2 LLAVES,0,0
ARONA,EXTRAHOTELERA,APARTAMENTO,PARQUE CATTLEYA II-REBECA,"C/. VICTOR ZURITA SOLER, 4",38660,1 LLAVE,27,74
ARONA,EXTRAHOTELERA,APARTAMENTO,MAR-OLA PARK,"AVDA. ANTONIO DOMINGUEZ, 17",38660,3 ESTRELLAS,72,148
ARONA,EXTRAHOTELERA,APARTAMENTO,PLAYA FLOR,"AVDA. RAFAEL PUIG LLUVINA, 3",38670,1 LLAVE,23,69
ARONA,EXTRAHOTELERA,APARTAMENTO,VICTORIA COURT II,"C/. ASOMADA DEL MORISCO, S/N.",38650,1 LLAVE,53,179
ARONA,EXTRAHOTELERA,APARTAMENTO,ALONDRAS PARK,"JOSE TAVIO, AVDA., S/N",38660,2 LLAVES,77,277
ARONA,EXTRAHOTELERA,BUNGALOW,ALTAMAR,"C/. ARQUITECTO GOMEZ CUESTA, 8",38000,2 LLAVES,49,253
ARONA,EXTRAHOTELERA,CASA RURAL,ALTAVISTA,"CMNO ALTAVISTA ESQ CMNO REAL DE ALTAVISTA, 18",38640,CATEGORIA UNICA,0,0
ARONA,EXTRAHOTELERA,CASA RURAL,EL CASERIO DE GUAZA,"CTRA TF-66 GUAZA-EL PALMAR, S/N - FINCA GUAZA ABAJO O DEL CORONEL",38632,CATEGORIA UNICA,3,18
ARONA,EXTRAHOTELERA,CASA RURAL,CASERIO DE GUAZA,"AVDA PALM-MAR, 4, ESQ., CTRA TF-66 FINCA GUAZA",38632,CATEGORIA UNICA,5,20
ARONA,EXTRAHOTELERA,CASA RURAL,LA FUENTE,"CMNO LA FUENTE, 119",38626,CATEGORIA UNICA,2,6
ARONA,HOTELERA,HOTEL,MARYLANZA SUITES & SPA,"C/. ARENALES, 20",38640,4 ESTRELLAS,217,434
ARONA,HOTELERA,HOTEL,VANILLA GARDEN,"AVDA. ARQUITECTO GOMEZ CUESTA, 5",38660,4 ESTRELLAS,106,212
ARONA,HOTELERA,HOTEL,EUROPE VILLA CORTES,"AVDA. RAFAEL PUIG LLUVINA, 38",38640,5 ESTRELLAS GRAN LUJO,151,277
ARONA,HOTELERA,HOTEL,"SIESTA, LA","AVDA. RAFAEL PUIG LLUVINA, 21",38660,4 ESTRELLAS,282,536
ARONA,HOTELERA,HOTEL,CONQUISTADOR,"AVDA. RAFAEL PUIG LLUVINA, 36",38660,4 ESTRELLAS,485,922
ARONA,HOTELERA,HOTEL,GARA SUITES GOLF & SPA,"C/ LANDA GOLF, 6",38660,4 ESTRELLAS,437,893
ARONA,HOTELERA,HOTEL,ANDREA'S,"AVDA. DEL VALLE MENENDEZ, 6",38650,2 ESTRELLAS,42,78
ARONA,HOTELERA,HOTEL,"PALMERAS, LAS","AVDA. RAFAEL PUIG LLUVINA, 28",38660,4 ESTRELLAS,519,1045
ARONA,HOTELERA,HOTEL,PARQUE LA PAZ,"AVDA. LUIS DIAZ DE LOSADA, 2",38660,4 ESTRELLAS,219,492
ARONA,HOTELERA,HOTEL,PARADISE PARK,"C/. HAWAI, 2 (URB. OASIS DEL SUR)",38650,4 ESTRELLAS,255,501
ARONA,HOTELERA,HOTEL,TIGOTAN,"AVDA. NOELIA AFONSO CABRERA, 6",38660,4 ESTRELLAS,416,832
ARONA,HOTELERA,HOTEL,CLEOPATRA PALACE HOTEL,AVDA. PLAYA DE LAS AMERICAS,38670,4 ESTRELLAS,431,866
ARONA,HOTELERA,HOTEL,REVERON PLAZA,"AVDA. LOS PLAYEROS, 26",38650,4 ESTRELLAS,43,86
ARONA,HOTELERA,HOTEL,CATALONIA ORO NEGRO,"C/. ARQUITECTO GOMEZ CUESTA, 14",38660,3 ESTRELLAS,269,538
ARONA,HOTELERA,HOTEL,REGENCY COUNTRY CLUB,"C/. TIGUANFAYA, PLAN PARCIAL PARCELAS 1-2",38670,3 ESTRELLAS,69,232
ARONA,HOTELERA,HOTEL,BITACORA,"C/. CALIFORNIA, 1",38660,4 ESTRELLAS,314,628
ARONA,HOTELERA,HOTEL,GALA,"AVDA. ARQUITECTO GOMEZ CUESTA, 3",38660,4 ESTRELLAS,308,616
ARONA,HOTELERA,HOTEL,ARONA GRAN HOTEL,"AVDA. JUAN CARLOS I, 38",38650,4 ESTRELLAS,391,776
ARONA,HOTELERA,HOTEL,EUROPE PARK CLUB,"AVDA. RAFAEL PUIG LLUVINA, 23",38660,3 ESTRELLAS,241,482
ARONA,HOTELERA,HOTEL,ANDORRA III,"C/. ANTONIO DOMINGUEZ, 10",38660,3 ESTRELLAS,101,303
ARONA,HOTELERA,HOTEL,PARQUE CRISTOBAL,"AVDA. RAFAEL PUIG LLUVINA, 15",38660,3 ESTRELLAS PROVISIONAL,151,665
ARONA,HOTELERA,HOTEL,CORAL BEACH,"C/. NOELIA AFONSO, 10",38640,4 ESTRELLAS,191,382
ARONA,HOTELERA,HOTEL,BEST TENERIFE,"AVDA. ANTONIO DOMINGUEZ, 6",38660,4 ESTRELLAS,365,696
ARONA,HOTELERA,HOTEL,ESTEFANIA ARONA,"C/. ARMICHE (AGUILAS DEL TEIDE), 5",38008,4 ESTRELLAS,32,64
ARONA,HOTELERA,HOTEL,VULCANO,"AVDA. ANTONIO DOMINGUEZ ALFONSO, 8",38650,4 ESTRELLAS,371,705
ARONA,HOTELERA,HOTEL,ZENTRAL CENTER,"C/. ARQUITECTO GOMEZ CUESTA, 22",38660,4 ESTRELLAS,208,416
ARONA,HOTELERA,HOTEL,LAS MADRIGUERAS,PLAN PARCIAL PARCELA Nº3 GOLF LAS AMERICAS,38660,5 ESTRELLAS,57,118
ARONA,HOTELERA,HOTEL,SOL ARONA TENERIFE,"AVDA. JUAN CARLOS I, 25",38650,4 ESTRELLAS PROVISIONAL,366,678
ARONA,HOTELERA,HOTEL,H10 BIG SUR,"AVDA. JUAN CARLOS I, 28",38650,4 ESTRELLAS,166,332
ARONA,HOTELERA,HOTEL,COLUMBUS,"AVDA. SANTIAGO PUIG, 8",38640,3 ESTRELLAS,472,604
ARONA,HOTELERA,HOTEL,SOL TENERIFE,"AVDA. RAFAEL PUIG LLUVINA, 12",38640,4 ESTRELLAS,522,991
ARONA,HOTELERA,HOTEL,SIR ANTHONY,"AVDA. LAS AMÉRICAS, S/N.",38660,5 ESTRELLAS,70,140
ARONA,HOTELERA,HOTEL CONGRESO,MEDITERRANEAN PALACE,AVDA. LAS AMERICAS S/N.,,5 ESTRELLAS,536,1072
ARONA,HOTELERA,HOTEL EMBLEMATICO,ARONA,"C/ DUQUE DE LA TORRE, 25 (EL BRESQUILLAR CASCO)",38640,CATEGORIA UNICA,9,22
ARONA,HOTELERA,HOTEL RURAL,LA CORREA DEL ALMENDRO,"CTRA DE ALTAVISTA, 58",38649,CATEGORIA UNICA,6,12
ARONA,HOTELERA,HOTEL RURAL,LA CASA AMARILLA,"CAMINO MOJONITOS, 40",38640,,0,0
ARONA,HOTELERA,PENSION,"ESTRELLA, LA",CTRA. GRAL. KM 1 - URB. LA ESTRELLA,38640,1 ESTRELLA,10,12
ARONA,HOTELERA,PENSION,TERESA,"RAMON PINO, 44",38640,1 ESTRELLA,3,8
ARONA,HOTELERA,PENSION,CASA BLANCA,"C/. RAMON PINO, 28",38640,1 ESTRELLA,10,16
ARONA,HOTELERA,PENSION,LAURA,"C/ LA ESPLANADA, 7",38650,1 ESTRELLA,8,14
ARONA,HOTELERA,PENSION,CASAMARAVILLAS,"C/. JUAN XXIII, 34",38006,1 ESTRELLA,3,7
ARONA,HOTELERA,PENSION,MARINO,"C/ BARRIO NUEVO, NÚM. 18-20",38006,2 ESTRELLAS,9,18
ARONA,HOTELERA,PENSION,"PALOMA, LA","C/. LA PALOMA, 5",38006,1 ESTRELLA,10,20
ARONA,HOTELERA,PENSION,"VINITOS, LOS","C/. VENEZUELA, 4",38640,1 ESTRELLA,17,30
ARONA,HOTELERA,PENSION,CASSANDRA,"C/. SAN MIGUEL, ESQ. C/ SAN JOSÉ, S/N.",38660,1 ESTRELLA,22,44
ARONA,HOTELERA,PENSION,PLAYA,"LA PALOMA, 9",38650,1 ESTRELLA,15,31
ARONA,HOTELERA,PENSION,CANO,"GALVAN BELLO, 9",38640,1 ESTRELLA,6,8
BUENAVISTA DEL NORTE,EXTRAHOTELERA,CASA RURAL,CASA QUEMADA,"PARAJE DE TENO ALTO, S/N",38480,COMPARTIDO OTROS USUARIOS,2,6
BUENAVISTA DEL NORTE,EXTRAHOTELERA,CASA RURAL,MORRO CATANA,"C/ LOMITO, Nº 19",38480,EXCLUSIVO,2,4
BUENAVISTA DEL NORTE,EXTRAHOTELERA,CASA RURAL,EL CHORRITO,"CAMINO LOMO OLIVERA - CASERIO EL CHORRITO, 12",38489,,0,0
BUENAVISTA DEL NORTE,EXTRAHOTELERA,CASA RURAL,CASA PURA,"ROQUE LAS TABAIBAS, S/N",38480,EXCLUSIVO,3,6
BUENAVISTA DEL NORTE,EXTRAHOTELERA,CASA RURAL,"TINTA, LA","C/ CARRIZAL BAJO, S/N",38480,EXCLUSIVO,1,4
BUENAVISTA DEL NORTE,EXTRAHOTELERA,CASA RURAL,"PIEDRAS, LAS","LAS PIEDRAS, S/N (CARRIZAL ALTO)",38480,EXCLUSIVO,1,2
BUENAVISTA DEL NORTE,EXTRAHOTELERA,CASA RURAL,MORRO CATANA DOS,"C/ LOMITO, 9",38480,EXCLUSIVO,1,3
BUENAVISTA DEL NORTE,EXTRAHOTELERA,CASA RURAL,EL HORNO,"C/. LOMO DE ARRIBA, S/N  - MASCA",38480,CATEGORIA UNICA,1,2
BUENAVISTA DEL NORTE,EXTRAHOTELERA,CASA RURAL,MASCA WITCH GARDEN,"LOMO DE ARRIBA, 59",38480,CATEGORIA UNICA,1,2
BUENAVISTA DEL NORTE,EXTRAHOTELERA,CASA RURAL,CASA EL CHORRO,"CARRIZAL ALTO, S/N.",38480,EXCLUSIVO,1,2
BUENAVISTA DEL NORTE,EXTRAHOTELERA,CASA RURAL,CASA BARRANCO PALMAS,"CAMINO LAS PALMAS, 10",38480,CATEGORIA UNICA,1,2
BUENAVISTA DEL NORTE,EXTRAHOTELERA,CASA RURAL,VIÑA CAMELLO,HOYA DEL CAMELLO,38480,COMPARTIDO OTROS USUARIOS,4,11
BUENAVISTA DEL NORTE,EXTRAHOTELERA,CASA RURAL,EL NIÑO,"C/ LOS CARRIZALES, 4",38480,CATEGORIA UNICA,0,0
BUENAVISTA DEL NORTE,HOTELERA,HOTEL,MELIA HACIENDA DEL CONDE,"C/. LA FINCA, S/N.",,5 ESTRELLAS GRAN LUJO,117,234
CANDELARIA ,EXTRAHOTELERA,APARTAMENTO,CASA MARIA,"C/. LA CUEVA (LAS CUEVECITAS), 22",,2 LLAVES,9,30
CANDELARIA ,EXTRAHOTELERA,CASA EMBLEMATICA,"FRAGUA DE ELISEO, LA","CALZADITA LA JIMEMEZ, 5 - IGUESTE DE CANDELARIA",38520,CATEGORIA UNICA,1,3
CANDELARIA ,EXTRAHOTELERA,CASA EMBLEMATICA,CASA AURELIA,"C/ LA MORRITA, 13 (PASAJE DE LA ROSA)",38520,CATEGORIA UNICA,1,2
CANDELARIA ,EXTRAHOTELERA,CASA RURAL,CASA EL MAESTRO,"LOMO JUAN DIAZ, 19",38530,EXCLUSIVO,2,3
CANDELARIA ,HOTELERA,HOTEL,CATALONIA PUNTA DEL REY,"AVDA. MARITIMA, 165",38520,4 ESTRELLAS,424,806
CANDELARIA ,HOTELERA,HOTEL,TENERIFE TOUR,"AVDA. MARITIMA, 170",38520,3 ESTRELLAS,95,180
EL ROSARIO,EXTRAHOTELERA,CASA RURAL,FINCA LOS PATOS,"C/ PREVENTORIO, 9",38290,CONJUNTO INMUEBLES,2,4
EL ROSARIO,EXTRAHOTELERA,CASA RURAL,LA MAJADERA,"C/ LAS ROSAS, 58",38109,COMPARTIDO PROPIETARIO,4,9
EL ROSARIO,EXTRAHOTELERA,CASA RURAL,DON LEANDRO,"CTRA. LA ESPERANZA, KM.16",38290,COMPARTIDO OTROS USUARIOS,7,16
EL ROSARIO,HOTELERA,HOTEL,CAÑADAS,"CTRA. GENERAL LA ESPERANZA, KM.7'5",38290,1 ESTRELLA,7,14
EL ROSARIO,HOTELERA,HOTEL RURAL,OHANA,"C/ PREVENTORIO, 17",38290,2 PALMERAS,7,20
EL ROSARIO,HOTELERA,PENSION,FINCA SUSANNA,"C/ ELÍAS BACALLADO HERNANDEZ, 57",38290,2 ESTRELLAS,3,7
EL ROSARIO,EXTRAHOTELERA,VIVIENDA TURISTICA,CHO PINITO CRUZ,"CMNO. DEL CENTRO, 1",38291,SIN DATO,4,7
EL SAUZAL,EXTRAHOTELERA,CASA RURAL,"RIQUELAS, LAS","CMNO. BABOSERAS, S/N. (LAS RIQUELAS)",38360,EXCLUSIVO,2,4
EL SAUZAL,EXTRAHOTELERA,CASA RURAL,PARA REUTILIZAR,,,,0,0
EL SAUZAL,HOTELERA,HOTEL RURAL,HACIENDA SAN JOSE,"CAMINO SAN JOSE, 40",38360,,0,0
EL SAUZAL,HOTELERA,PENSION,CASA RUTTER,CASA 75 (PUERTITO DEL SAUZAL),38008,2 ESTRELLAS,7,14
FASNIA,EXTRAHOTELERA,CASA EMBLEMATICA,CALIBORNA,"C/ CALVARIO, Nº1, ESQUINA SAN JOAQUIN",38570,CATEGORIA UNICA,2,4
FASNIA,EXTRAHOTELERA,CASA RURAL,"SOMBRERA, LA","LA SOMBRERA, Nº 36",38570,COMPARTIDO PROPIETARIO,1,3
FASNIA,EXTRAHOTELERA,CASA RURAL,"VISTA, LA","C/ LA VISTA, 78",38570,EXCLUSIVO,1,2
FASNIA,EXTRAHOTELERA,CASA RURAL,CASA PANCHO,"C/ LOMO ANGOSTO, 16",38579,COMPARTIDO OTROS USUARIOS,2,8
FASNIA,EXTRAHOTELERA,CASA RURAL,"ACHACAY, LA","C/ LA VERA, 18",38570,EXCLUSIVO,3,4
FASNIA,EXTRAHOTELERA,CASA RURAL,CHA-CARMEN,"LA VERA, 10",38579,CATEGORIA UNICA,1,3
FASNIA,EXTRAHOTELERA,CASA RURAL,CASERIO DEL CAMINO REAL,"ANTIGUO CAMINO REAL, S/N",38570,CATEGORIA UNICA,9,24
FASNIA,EXTRAHOTELERA,CASA RURAL,"VERITA, LA","C/ LA VERA, 8",38570,EXCLUSIVO,1,3
GARACHICO,EXTRAHOTELERA,CASA EMBLEMATICA,CASA GUDILIA,"CTRA. SAN PEDRO-LAS CRUCES, 31",38460,,0,0
GARACHICO,EXTRAHOTELERA,CASA EMBLEMATICA,CASA ISORA,"C/ TRANSVERSAL GUIA DE ISORA, 2",38450,,0,0
GARACHICO,EXTRAHOTELERA,CASA EMBLEMATICA,CASA HILARIA,"C/ SANTA ANA,15",38450,CATEGORIA UNICA,1,4
GARACHICO,EXTRAHOTELERA,CASA EMBLEMATICA,CASA BOSCO,"C/ EL SOL, 5",38450,CATEGORIA UNICA,0,0
GARACHICO,EXTRAHOTELERA,CASA EMBLEMATICA,LA CASITA DEL MUELLE,"C/. PEREZ ZAMORA, 39",38450,CATEGORIA UNICA,2,4
GARACHICO,EXTRAHOTELERA,CASA EMBLEMATICA,ISLA BAJA,"C/. ESTEBAN DE PONTE, 5",38450,CATEGORIA UNICA,6,12
GARACHICO,EXTRAHOTELERA,CASA EMBLEMATICA,CASA MASCAREÑO,"C/ CALVO SOTELO, 3",38450,CATEGORIA UNICA,1,6
GARACHICO,EXTRAHOTELERA,CASA RURAL,MALPAIS TRECE,"C/ MALPAIS, 13",38450,COMPARTIDO OTROS USUARIOS,8,15
GARACHICO,EXTRAHOTELERA,CASA RURAL,"IDA, CASA","C/ LA OLIVA, 8",38459,COMPARTIDO OTROS USUARIOS,5,15
GARACHICO,EXTRAHOTELERA,CASA RURAL,FINCA EL ISLEÑITO,"CMNO LAS ABIERTAS, S/N",38459,CATEGORIA UNICA,1,2
GARACHICO,EXTRAHOTELERA,CASA RURAL,FINCA LA QUINTA,"CTRA. SAN PEDRO - LAS CRUCES, 4",38450,EXCLUSIVO,2,5
GARACHICO,HOTELERA,HOTEL,SAN ROQUE,"ESTEBAN DE PONTE, 32",38450,4 ESTRELLAS,20,40
GARACHICO,HOTELERA,HOTEL EMBLEMATICO,GARA,"C/ ESTEBAN DE PONTE, 7",38450,CATEGORIA UNICA,16,30
GARACHICO,HOTELERA,HOTEL RURAL,"QUINTA ROJA, LA","GLORIETA SAN FRANCISCO, S/N.",38450,2 PALMERAS,20,40
GARACHICO,HOTELERA,HOTEL RURAL,"PATIO, EL","FINCA MALPAIS, 11",38450,2 PALMERAS,18,38
GARACHICO,HOTELERA,PENSION,"JARDIN, EL","C/. ESTEBAN DE PONTE, 8",38450,1 ESTRELLA,3,6
GARACHICO,EXTRAHOTELERA,VIVIENDA TURISTICA,"PARRALES, LOS","CTRA. DEL TANQUE, KM. 2.3",38450,CATEGORIA UNICA,2,4
GRANADILLA DE ABONA,EXTRAHOTELERA,APARTAMENTO,MIRAMAR-MARRERO,AVDA. MARITIMA,38600,1 LLAVE,3,15
GRANADILLA DE ABONA,EXTRAHOTELERA,APARTAMENTO,DURAZNO,"PRINCIPES DE ESPAÑA, 1 AVDA.",38612,2 LLAVES,37,131
GRANADILLA DE ABONA,EXTRAHOTELERA,APARTAMENTO,TINA,"AVDA. AMALIA, 1",38612,1 LLAVE,2,4
GRANADILLA DE ABONA,EXTRAHOTELERA,APARTAMENTO,MALOLA,"TENERIFE, 2",38612,2 LLAVES,25,80
GRANADILLA DE ABONA,EXTRAHOTELERA,APARTAMENTO,ROCAMAR,"PASEO NTRA.SRA. DE LAS MERCEDES DE ROJA, 20",38612,1 LLAVE,7,17
GRANADILLA DE ABONA,EXTRAHOTELERA,APARTAMENTO,MARAZUL,"C/. EVARISTO GOMEZ, 2",38612,1 LLAVE,26,88
GRANADILLA DE ABONA,EXTRAHOTELERA,CASA EMBLEMATICA,CASAS BIOCLIMATICAS ITER,"PARQUE EOLICO - POLIG. INDUSTRIAL DE GRANADILLA, S/N.",38600,CATEGORIA UNICA,74,119
GRANADILLA DE ABONA,EXTRAHOTELERA,CASA RURAL,CASA ANTON PICHE,"C/ PRINCIPAL, 38",38600,COMPARTIDO PROPIETARIO,3,6
GRANADILLA DE ABONA,EXTRAHOTELERA,CASA RURAL,ARGELIA,"C/ NTRA SRA DE LA ESPERANZA, 8 (LAS VEGAS)",38594,EXCLUSIVO,1,6
GRANADILLA DE ABONA,EXTRAHOTELERA,CASA RURAL,ALTOS CRUZ DE TEA,"C/ EL PINAR, 1 (EL PINALETE)",38616,COMPARTIDO PROPIETARIO,1,3
GRANADILLA DE ABONA,EXTRAHOTELERA,CASA RURAL,CASA PEPA,C/ GUAJARA S/N. (LAS VEGAS),38600,EXCLUSIVO,2,6
GRANADILLA DE ABONA,EXTRAHOTELERA,CASA RURAL,CASA LAS PEREZ,"C/ GUAJARA, 23 (LAS VEGAS)",38600,EXCLUSIVO,2,5
GRANADILLA DE ABONA,EXTRAHOTELERA,CASA RURAL,SOFIA,"C/ GUAJARA, 11 (LAS VEGAS)",38594,CATEGORIA UNICA,2,4
GRANADILLA DE ABONA,EXTRAHOTELERA,CASA RURAL,LA CUADRA,"C/ NTRA SRA DE LA ESPERANZA, 6 (LAS VEGAS)",38594,EXCLUSIVO,1,4
GRANADILLA DE ABONA,EXTRAHOTELERA,CASA RURAL,FINCA AZEBUCHE,"LOMO HERNÁNDEZ, S/N",38600,CONJUNTO INMUEBLES,4,10
GRANADILLA DE ABONA,EXTRAHOTELERA,CASA RURAL,VERA,"BARRANCO CHAVEZ, 4",38600,EXCLUSIVO,1,2
GRANADILLA DE ABONA,EXTRAHOTELERA,CASA RURAL,"TRASPATIO, EL","C/ ARQUITECTO MARRERO, 9",38600,COMPARTIDO OTROS USUARIOS,3,8
GRANADILLA DE ABONA,EXTRAHOTELERA,CASA RURAL,"VENTA, LA","NUESTRA SRA. DE LA ESPERANZA, 8 (LAS VEGAS)",38600,COMPARTIDO OTROS USUARIOS,3,9
GRANADILLA DE ABONA,HOTELERA,HOTEL,PLAYA SUR TENERIFE ,LOS VALOS S/N - PLAYA DEL MEDANO,38612,3 ESTRELLAS,76,149
GRANADILLA DE ABONA,HOTELERA,HOTEL,UCANCA,"AVDA. SANTA CRUZ, 183",38611,2 ESTRELLAS,22,42
GRANADILLA DE ABONA,HOTELERA,HOTEL,MEDANO,"PZA. DEL MEDANO, S/N.",38612,3 ESTRELLAS,91,162
GRANADILLA DE ABONA,HOTELERA,HOTEL,ARENAS DEL MAR,"AVDA. EUROPA, 2",38612,4 ESTRELLAS,155,320
GRANADILLA DE ABONA,HOTELERA,HOTEL,AEROPUERTO SUR,"C/. BENCHIJIGUA, 4",38611,3 ESTRELLAS,94,161
GRANADILLA DE ABONA,HOTELERA,HOTEL RURAL,CASA LENA,"C/ MANTILLO, 18 (CHARCO DEL PINO)",38595,CATEGORIA UNICA,2,4
GRANADILLA DE ABONA,HOTELERA,HOTEL RURAL,SENDEROS DE ABONA,"C/ LA IGLESIA, 5",38600,1 PALMERA,16,38
GRANADILLA DE ABONA,HOTELERA,PENSION,SANTIAGO,"C/. ISAAC DE VEGA, 12",38600,1 ESTRELLA,15,23
GRANADILLA DE ABONA,HOTELERA,PENSION,CAREL,"AVDA. PRINCIPES DE ESPAÑA, 22",38600,2 ESTRELLAS,21,42
GRANADILLA DE ABONA,HOTELERA,PENSION,DOS HERMANOS,"FUNDADOR GONZALEZ GONZALEZ, 7 AVDA.",38600,1 ESTRELLA,20,31
GRANADILLA DE ABONA,EXTRAHOTELERA,VIVIENDA TURISTICA,WALLY,"EL MEDANO, S/N.",38600,SIN DATO,3,6
GUIA DE ISORA,EXTRAHOTELERA,APARTAMENTO,THE TERRACES OF ABAMA,"CTRA. GENERAL TF-47, KM. 9 (PLAN PARCIAL CLUB DE CAMPO-FASE III-ABAMA)",38687,5 ESTRELLAS,151,700
GUIA DE ISORA,EXTRAHOTELERA,CASA RURAL,CASA ERQUES,"LA MORRA, S/N",38680,EXCLUSIVO,2,4
GUIA DE ISORA,EXTRAHOTELERA,CASA RURAL,"MORA, LA","C/ CATALUÑA, S/N",38680,EXCLUSIVO,1,2
GUIA DE ISORA,EXTRAHOTELERA,CASA RURAL,"ZAPATERIA, LA","C/ VIRGEN DE LA PAZ, 2",38689,EXCLUSIVO,2,5
GUIA DE ISORA,EXTRAHOTELERA,CASA RURAL,FINCA DELICIAS,"AVDA. LOS PESCADORES, S/N (FINCA DELICIAS)",38686,CATEGORIA UNICA,4,18
GUIA DE ISORA,EXTRAHOTELERA,CASA RURAL,"ATAJO, EL","C/. EL ATAJO, 9",38689,COMPARTIDO OTROS USUARIOS,2,4
GUIA DE ISORA,EXTRAHOTELERA,CASA RURAL,"DULCES, LAS","CTRA. LOS PAJARES, S/N.",38680,COMPARTIDO OTROS USUARIOS,4,8
GUIA DE ISORA,EXTRAHOTELERA,CASA RURAL,CASA DEL ABUELO,"C/ SANTA LUCIA, 1",38688,EXCLUSIVO,2,4
GUIA DE ISORA,EXTRAHOTELERA,CASA RURAL,CASA VIDAL,"C/ SAN FELIPE, 5",38680,EXCLUSIVO,3,6
GUIA DE ISORA,EXTRAHOTELERA,CASA RURAL,"VISTITA, LA","CAMINO NUEVO, 18",38688,EXCLUSIVO,2,4
GUIA DE ISORA,EXTRAHOTELERA,CASA RURAL,CASA CARMELA,"C/ LA RIVERA, 4",38680,EXCLUSIVO,3,4
GUIA DE ISORA,HOTELERA,HOTEL,SHOLEO LODGES LOS GIGANTES,"AVDA. LA GAVIOTA (URB. VARADERO), 3",38686,3 ESTRELLAS,139,286
GUIA DE ISORA,HOTELERA,HOTEL,"NIEVES, LAS","EL CAMPO, 18",38680,1 ESTRELLA,21,36
GUIA DE ISORA,HOTELERA,HOTEL,ALLEGRO ISORA,"AVDA. LA GAVIOTA, 1",38687,4 ESTRELLAS,312,624
GUIA DE ISORA,HOTELERA,HOTEL,GRAN MELIA PALACIO DE ISORA,"AVDA. LOS OCEANOS (PLAN PARCIAL LA JAQUITA), 1",38686,5 ESTRELLAS LUJO,609,1218
GUIA DE ISORA,HOTELERA,HOTEL,RITZ CARLTON ABAMA,CTRA. GENERAL TF-47  KM.9 (CLUB DE CAMPO ABAMA),38687,5 ESTRELLAS GRAN LUJO PROVISIONAL,479,962
GUIA DE ISORA,HOTELERA,HOTEL RURAL,FINCA EL NAVIO,"PROLONGACIÓN AVDA. LOS PESCADORES, S/N",38686,2 PALMERAS,8,15
GUIA DE ISORA,HOTELERA,HOTEL URBANO,"VISTA, LA","C/. EL CULANTRILLO, 13",38000,2 ESTRELLAS PROVISIONAL,3,6
GUIA DE ISORA,HOTELERA,PENSION,ALCALA,"C/. MARRUECOS, 2",38686,1 ESTRELLA,22,31
GUIA DE ISORA,HOTELERA,PENSION,PALMERO,"ISLA BONITA, 11",38008,1 ESTRELLA,8,14
GÜIMAR,EXTRAHOTELERA,CASA EMBLEMATICA,LA GUAZADERA,"C/ GUAZA, 55",38500,,0,0
GÜIMAR,EXTRAHOTELERA,CASA RURAL,PIEDRA VIVA,"AVDA. BAYON, 62",38500,EXCLUSIVO,1,4
GÜIMAR,EXTRAHOTELERA,CASA RURAL,CASA LA HOYITA,"C/ CALLEJON, 3 (BARRIO DE LA HOYA)",38500,EXCLUSIVO,1,3
GÜIMAR,EXTRAHOTELERA,CASA RURAL,VILLA CUBAS,"LOMO DE MONTIJO, 37",38591,COMPARTIDO OTROS USUARIOS,2,4
GÜIMAR,EXTRAHOTELERA,CASA RURAL,"PASEO, EL","C/ SAN JUAN, 100",38500,EXCLUSIVO,2,4
GÜIMAR,EXTRAHOTELERA,CASA RURAL,EL RIEGO,"CAMINO DE LAS COLORADAS, 29",38500,COMPARTIDO PROPIETARIO,0,0
GÜIMAR,HOTELERA,HOTEL EMBLEMATICO,BUEN RETIRO,"C/ CHACAICA, 9",38500,CATEGORIA UNICA,4,8
GÜIMAR,HOTELERA,HOTEL RURAL,FINCA SALAMANCA,"CTRA. GUIMAR - EL PUERTITO, 2, KM.1,5",38500,2 PALMERAS,20,39
GÜIMAR,HOTELERA,HOTEL RURAL,VILLA ARIADNA,"C/. LOMO EL FUEGO SUBIDA LA CORUJA, 90",38500,1 PALMERA,6,11
GÜIMAR,HOTELERA,HOTEL RURAL,LA RAYA 1866,"C/ LA RAYA, 25 (BARRIO DE LA HOYA)",38500,2 PALMERAS,6,15
GÜIMAR,HOTELERA,HOTEL RURAL,CASONA SANTO DOMINGO,"C/ SANTO DOMINGO, 32",38550,CATEGORIA UNICA PROVISIONAL,7,16
ICOD DE LOS VINOS,EXTRAHOTELERA,CASA EMBLEMATICA,LA CASITA,"C/ ATENERI, 17",38430,CATEGORIA UNICA,1,2
ICOD DE LOS VINOS,EXTRAHOTELERA,CASA EMBLEMATICA,SIN DENOMINACION,"C/ SAN AGUSTIN, 94",38430,,4,7
ICOD DE LOS VINOS,EXTRAHOTELERA,CASA EMBLEMATICA,CASA DEL PLATANO,"C/ HERCULES, 4",38430,CATEGORIA UNICA PROVISIONAL,5,10
ICOD DE LOS VINOS,EXTRAHOTELERA,CASA RURAL,FINCA LOS CIRUELOS,"CMNO. LA DESEADA, 6 (LOMO ACEVEDO)",38438,CONJUNTO INMUEBLES,4,10
ICOD DE LOS VINOS,EXTRAHOTELERA,CASA RURAL,"PINOS, LOS","CMNO. LOS PINOS (LAS LAJITAS), 47",38430,EXCLUSIVO,3,6
ICOD DE LOS VINOS,EXTRAHOTELERA,CASA RURAL,CASA TASANA,"CAMINO TAZANA, 40",38430,CATEGORIA UNICA,1,2
ICOD DE LOS VINOS,EXTRAHOTELERA,CASA RURAL,CASA MONTIEL,"CMNO. MONTIEL, 18 A - LAS VISTAS (APARTADO DE CORREOS, 29)",38430,EXCLUSIVO,1,2
ICOD DE LOS VINOS,EXTRAHOTELERA,CASA RURAL,"JUNCOS, LOS","CMNO. TAMUNANTE, 45",38430,EXCLUSIVO,3,6
ICOD DE LOS VINOS,EXTRAHOTELERA,CASA RURAL,FINCA VISTA DEL TEIDE,"CMNO LA FAYA, 19  (ANTES C/ LA DESEADA)",38430,COMPARTIDO OTROS USUARIOS,3,8
ICOD DE LOS VINOS,EXTRAHOTELERA,CASA RURAL,CASA MONTIEL,"CASERIO MONTIEL, 24",38430,CATEGORIA UNICA,2,4
ICOD DE LOS VINOS,EXTRAHOTELERA,CASA RURAL,"CASONA DE ACEVEDO, LA","CAMINO MARENGO, S/N (FINCA ACEVEDO)",38000,COMPARTIDO OTROS USUARIOS,5,10
ICOD DE LOS VINOS,EXTRAHOTELERA,CASA RURAL,"BREVERITAS, LAS","CMNO. LAS BREVERITAS, S/N",38438,COMPARTIDO OTROS USUARIOS,3,6
ICOD DE LOS VINOS,EXTRAHOTELERA,CASA RURAL,CASA ROSALIA,"C/ EL SANGUIÑAL, 4 (LLANITO PERERA)",38430,EXCLUSIVO,2,4
ICOD DE LOS VINOS,EXTRAHOTELERA,CASA RURAL,GAÑANIA DE ACEVEDO,"FINCA ACEVEDO, S/N.",38430,EXCLUSIVO,1,3
ICOD DE LOS VINOS,EXTRAHOTELERA,CASA RURAL,LOS CHARCOS,"CMNO. LOS CHARCOS, 1 - BARRIO LAS CANALES",38430,CATEGORIA UNICA,6,10
ICOD DE LOS VINOS,EXTRAHOTELERA,CASA RURAL,FURNIA DEL BEBEDERO,CMNO. DEL BEBEDERO (BARRIO DE SAN ANTONIO),38430,EXCLUSIVO,1,5
ICOD DE LOS VINOS,EXTRAHOTELERA,CASA RURAL,VILLA DE MENSA,"CAMINO LA MANCA, 32 (CAMINO LAS VISTAS, 42)",38430,,0,0
ICOD DE LOS VINOS,EXTRAHOTELERA,CASA RURAL,CASA TAJARASTE,"CMNO. LOMO ACEVEDO, 10. (LA PATITA)",38430,EXCLUSIVO,2,5
ICOD DE LOS VINOS,EXTRAHOTELERA,CASA RURAL,EL LANCE,"CMNO. EL LANCE, 119",38438,CATEGORIA UNICA,2,3
ICOD DE LOS VINOS,EXTRAHOTELERA,CASA RURAL,"PATIO II, EL",FINCA MALPAIS (MALPAIS),38430,COMPARTIDO OTROS USUARIOS,8,15
ICOD DE LOS VINOS,EXTRAHOTELERA,CASA RURAL,CASA LAS TENERIAS,"C/ LAS TENERIAS, 2",,CATEGORIA UNICA PROVISIONAL,0,0
ICOD DE LOS VINOS,EXTRAHOTELERA,CASA RURAL,"UCHAN, CASA","CASERIO MARENGO, 16",38430,EXCLUSIVO,2,4
ICOD DE LOS VINOS,EXTRAHOTELERA,CASA RURAL,PIEDRA REDONDA,"CAMINO EL ASERRADERO, 23",38430,EXCLUSIVO,3,6
ICOD DE LOS VINOS,EXTRAHOTELERA,CASA RURAL,"MIRADERO, EL","MIRADERO, 8",38430,EXCLUSIVO,2,5
ICOD DE LOS VINOS,HOTELERA,HOTEL EMBLEMATICO,SAN AGUSTIN,"C/. SAN AGUSTIN, 18",38430,CATEGORIA UNICA,8,16
ICOD DE LOS VINOS,HOTELERA,HOTEL EMBLEMATICO,SAN MARCOS,"C/ HERCULES, 11",38430,CATEGORIA UNICA,6,12
ICOD DE LOS VINOS,HOTELERA,HOTEL URBANO,DRAGO DE SAN ANTONIO,"C/. LA ROSA (SAN ANTONIO), 10",38430,3 ESTRELLAS,3,8
LA GUANCHA,EXTRAHOTELERA,CASA RURAL,CASA PACHELE,"C/ CENTINELA, 11",38440,EXCLUSIVO,2,4
LA LAGUNA,EXTRAHOTELERA,APARTAMENTO,BELLAMAR,AVDA. RAFAEL GONZALEZ VERNETTA,38250,1 LLAVE,41,197
LA LAGUNA,EXTRAHOTELERA,CASA EMBLEMATICA,NAVA SUITES,"C/ NAVA Y GRIMON, 3",38201,CATEGORIA UNICA,10,22
LA LAGUNA,EXTRAHOTELERA,CASA EMBLEMATICA,EL OMBU DEL AGUA,"C/ NAVA Y GRIMON, 39",38201,,0,0
LA LAGUNA,EXTRAHOTELERA,CASA EMBLEMATICA,CASA MARIANAO,"AVENIDA SAN DIEGO, 6",38201,,0,0
LA LAGUNA,EXTRAHOTELERA,CASA EMBLEMATICA,MC SAN AGUSTIN,"C/ VIANA, 34 (/ESQ. C/ SAN AGUSTIN)",38201,CATEGORIA UNICA,4,16
LA LAGUNA,EXTRAHOTELERA,CASA EMBLEMATICA,JARDINES DE HORTENSIA,"PASEO DE LAS ACACIAS, 21",38330,,0,0
LA LAGUNA,EXTRAHOTELERA,CASA RURAL,CASERIO EL BOQUERON,"CMNO EL BOQUERON, 6",38270,CATEGORIA UNICA,1,12
LA LAGUNA,EXTRAHOTELERA,CASA RURAL,CASA DE MONTEMAYOR,"CAMINO DE MOYA, S/N (EL BOQUERÓN)",38270,COMPARTIDO PROPIETARIO,2,5
LA LAGUNA,EXTRAHOTELERA,CASA RURAL,FINCA PARAISO,"CMNO. PARAISO, S/N.",38270,COMPARTIDO OTROS USUARIOS,2,6
LA LAGUNA,EXTRAHOTELERA,CASA RURAL,"ASOMADA DEL GATO, LA","C/. ANCHIETA, 45",38201,COMPARTIDO OTROS USUARIOS,1,8
LA LAGUNA,EXTRAHOTELERA,CASA RURAL,CASA VIEJA,"C/. SANTA ROSA DE LIMA, 64",38330,COMPARTIDO OTROS USUARIOS,3,5
LA LAGUNA,EXTRAHOTELERA,CASA RURAL,"PICACHO, EL","CMNO. DE LOS MOHOS, 8 (PICO BERMEJO)",38260,COMPARTIDO OTROS USUARIOS,5,10
LA LAGUNA,EXTRAHOTELERA,CASA RURAL,"PERCUNA, LA","CTRA. GENERAL PUNTA HIDALGO, 256 (FINCA LA PORCUNA)",38240,EXCLUSIVO,4,8
LA LAGUNA,EXTRAHOTELERA,CASA RURAL,"LAGAR, EL","CMNO. GARIMBA (ESQ. ATALAYA), 2",38297,COMPARTIDO OTROS USUARIOS,3,6
LA LAGUNA,EXTRAHOTELERA,CASA RURAL,LAS KENTIAS,"CMNO EL BOQUERON, 4",38201,CATEGORIA UNICA,4,12
LA LAGUNA,EXTRAHOTELERA,CASA RURAL,CASA DEL CURA,"CAMINO SAN FRANCISCO, S/N",38270,,0,0
LA LAGUNA,EXTRAHOTELERA,CASA RURAL,AGROTURISMO ANAGA,"CAMINO DE LAS MERCEDES, 260",38293,CATEGORIA UNICA,1,5
LA LAGUNA,EXTRAHOTELERA,CASA RURAL,CASA SAN MIGUEL,"CAMINO EL BOQUERON, 7",38270,CATEGORIA UNICA,2,5
LA LAGUNA,HOTELERA,HOTEL,NEPTUNO,"CTRA. GENERAL BAJAMAR-PUNTA HIDALGO, 163",38200,3 ESTRELLAS,104,197
LA LAGUNA,HOTELERA,HOTEL,OCEANO HOTEL HEALTH SPA TENERIFE,"C/. OCEANO PACIFICO, 1",38240,4 ESTRELLAS,96,195
LA LAGUNA,HOTELERA,HOTEL,AGUERE,"C/ OBISPO REY REDONDO, 55",38201,1 ESTRELLA,31,47
LA LAGUNA,HOTELERA,HOTEL,DELFIN BAJAMAR,"AVDA. DEL SOL, 39",38250,3 ESTRELLAS,69,125
LA LAGUNA,HOTELERA,HOTEL EMBLEMATICO,LA CASA DE LA CAMELIA,"C/ ALCALDE ALONSO SUAREZ MELIAN, 32, ESQUINA C/ ASCANIO Y NIEVES, 2",38201,CATEGORIA UNICA,5,10
LA LAGUNA,HOTELERA,HOTEL EMBLEMATICO,SIN DENOMINACION,"C/ SAN AGUSTIN, 34",38201,,0,0
LA LAGUNA,HOTELERA,HOTEL EMBLEMATICO,HERRADORES 104,"C/ HERRADORES, 104",38201,,0,0
LA LAGUNA,HOTELERA,HOTEL RURAL,COSTA MAGICA SUITES & SPA,"CMNO. LA COSTA, S/N. (FINCA OASIS)",38270,2 PALMERAS,12,22
LA LAGUNA,HOTELERA,HOTEL URBANO,SAN DIEGO,"AVDA. SAN DIEGO, 40",38201,2 ESTRELLAS,7,14
LA LAGUNA,HOTELERA,HOTEL URBANO,LAGUNA NIVARIA,"PZA. DEL ADELANTADO, 11",38201,4 ESTRELLAS,80,171
LA LAGUNA,HOTELERA,HOTEL URBANO,LA LAGUNA GRAN HOTEL,C/. NAVA Y GRIMON ESQ. C/. SAN ROQUE,38201,4 ESTRELLAS,123,246
LA LAGUNA,HOTELERA,PENSION,MEDINA,"EDUARDO ROO, 68",38320,2 ESTRELLAS,20,32
LA LAGUNA,HOTELERA,PENSION,BERLIN,"MARCELINO PERDOMO REYES, 1, EL COROMOTO",38206,1 ESTRELLA,20,25
LA LAGUNA,HOTELERA,PENSION,"ANGELES, LOS","C/. JUAN DE VERA, 37",38200,1 ESTRELLA,14,15
LA LAGUNA,HOTELERA,PENSION,VELAZQUEZ,"C/. LOS ESCUDOS, 8",38108,1 ESTRELLA,12,14
LA LAGUNA,HOTELERA,PENSION,PADRON,"C/. NUÑEZ DE LA PEÑA, 29",38202,1 ESTRELLA,20,37
LA LAGUNA,HOTELERA,PENSION,CERVANTES,"RODRIGUEZ OLIVA, 5",38200,1 ESTRELLA,13,26
LA LAGUNA,EXTRAHOTELERA,VIVIENDA TURISTICA,"MANCHADA, LA","CMNO. GARIMBA (ESQ. ATALAYA), 2",38000,SIN DATO,2,6
LA MATANZA DE ACENTEJO,EXTRAHOTELERA,CASA RURAL,HOSPITAL VIEJO U HOSPICIO,"CTRA. GENERAL DEL NORTE, 176",38370,COMPARTIDO PROPIETARIO,4,8
LA MATANZA DE ACENTEJO,EXTRAHOTELERA,CASA RURAL,MADRESELVA,"C/ MONTAÑEZ, 22",38370,EXCLUSIVO,2,6
LA MATANZA DE ACENTEJO,EXTRAHOTELERA,CASA RURAL,DOÑA HERMINDA,"C/ LA RESBALA, 112 - JUNTO A LA BALSA SAN ANTONIO (POLIGONO 11, PARCELA 9006)",38370,CATEGORIA UNICA,1,2
LA MATANZA DE ACENTEJO,EXTRAHOTELERA,CASA RURAL,SUERTELUNA,"CAMINO NUEVO, 75",38370,EXCLUSIVO,3,6
LA MATANZA DE ACENTEJO,EXTRAHOTELERA,CASA RURAL,TIA BLASINA,"C/ REAL OROTAVA, 2 (FINCA TIA BLASINA)",38370,EXCLUSIVO,2,4
LA OROTAVA,EXTRAHOTELERA,APARTAMENTO,FINCA EL RINCON,"CMNO. ANCON, 37",38314,1 LLAVE,8,30
LA OROTAVA,EXTRAHOTELERA,CASA EMBLEMATICA,SUITES DE FRANCHY,"C/ VIERA, 30",38300,CATEGORIA UNICA,6,14
LA OROTAVA,EXTRAHOTELERA,CASA RURAL,LOS RECHAZOS,"CMNO LOS RECHAZOS, 88",,CATEGORIA UNICA,1,2
LA OROTAVA,EXTRAHOTELERA,CASA RURAL,LA HONDURA,FINCA LA HONDURA -LOMO CHO PATRICIO- FLORIDA ALTA,38300,CATEGORIA UNICA,3,4
LA OROTAVA,EXTRAHOTELERA,CASA RURAL,"BORUGUITA, LA","C/ EL PASO, 63",38300,EXCLUSIVO,2,5
LA OROTAVA,EXTRAHOTELERA,CASA RURAL,VILLA CAYA,"CMNO. DE LA CANDELARIA, 2 - 4",38300,COMPARTIDO OTROS USUARIOS,4,8
LA OROTAVA,EXTRAHOTELERA,CASA RURAL,LA PALOMA,"C/ SALAZAR, 23",38300,CATEGORIA UNICA,1,3
LA OROTAVA,EXTRAHOTELERA,CASA RURAL,FINCA EL DRAGO,"VIA DE SERVICIO DE EL DRAGO - LOS PERALES, EL RAMAL, 2",38300,CATEGORIA UNICA,1,29
LA OROTAVA,EXTRAHOTELERA,CASA RURAL,"CASITA DEL BARRANCO, LA","EL RINCÓN, 84",38300,COMPARTIDO PROPIETARIO,1,5
LA OROTAVA,EXTRAHOTELERA,CASA RURAL,LA HACIENDA GRANDE,"C/ HACIENDA GRANDE, 5",38314,,0,0
LA OROTAVA,EXTRAHOTELERA,CASA RURAL,FINCA EL PASO,"CMNO. CHASNA, 8",38300,COMPARTIDO OTROS USUARIOS,4,10
LA OROTAVA,HOTELERA,HOTEL,ALHAMBRA,"C/. NICANDRO GONZALEZ BORGES, 19",38300,2 ESTRELLAS,5,10
LA OROTAVA,HOTELERA,HOTEL,PARADOR DE TURISMO LAS CAÑADAS DEL TEIDE,"LAS CAÑADAS DEL TEIDE, S/N.",38300,3 ESTRELLAS,37,74
LA OROTAVA,HOTELERA,HOTEL EMBLEMATICO,OROTAVA,"C/ CARRERA ESCULTOR ESTEVEZ, 17",38300,CATEGORIA UNICA,6,14
LA OROTAVA,HOTELERA,HOTEL RURAL,VICTORIA,"HERMANO APOLINAR, 8",38300,2 PALMERAS,14,28
LA OROTAVA,HOTELERA,PENSION,SILENE,"TOMAS ZEROLO, 9",38300,2 ESTRELLAS,3,5
LA OROTAVA,HOTELERA,PENSION,CASA NATI,"C/. BORUGA, 20",38300,1 ESTRELLA,4,8
LA OROTAVA,EXTRAHOTELERA,VIVIENDA TURISTICA,FINCA LOS PERALES,"GENERAL DEL NORTE, 1 CTRA. (EL RAMAL)",38300,SIN DATO,2,4
LA VICTORIA DE ACENTEJO,EXTRAHOTELERA,CASA RURAL,"HELIOTROPOS, LOS","C/ LA RESBALA, 21",38380,COMPARTIDO OTROS USUARIOS,4,12
LOS REALEJOS,EXTRAHOTELERA,APARTAMENTO,PLAYA DE LOS ROQUES,"CAÑAVERAS, S/N URB. ROMANTICA II",38410,3 LLAVES,69,178
LOS REALEJOS,EXTRAHOTELERA,APARTAMENTO,ROUTE ACTIVE,"C/. LA LONGUERA, 112",38417,1 LLAVE,80,160
LOS REALEJOS,EXTRAHOTELERA,CASA EMBLEMATICA,LOS HELECHOS,"C/ LOS MOLINOS, 1",38412,CATEGORIA UNICA,3,9
LOS REALEJOS,EXTRAHOTELERA,CASA EMBLEMATICA,CASA LA BARQUERA,"C/ SAN VICENTE, 65",38416,CATEGORIA UNICA,4,8
LOS REALEJOS,EXTRAHOTELERA,CASA RURAL,"TANQUERA, LA","CMNO. LA TANQUERA, 24",38410,COMPARTIDO OTROS USUARIOS,5,11
LOS REALEJOS,EXTRAHOTELERA,CASA RURAL,"ROSAS, LAS","CMNO. LA TANQUERA, 7",38410,COMPARTIDO OTROS USUARIOS,4,12
LOS REALEJOS,EXTRAHOTELERA,CASA RURAL,CASAS GORDEJUELA,"CAMINO DE LA RAMBLA DE CASTRO, S/N - LA GORDEJUELA . PLAYA FAJANA",38410,CATEGORIA UNICA,3,6
LOS REALEJOS,EXTRAHOTELERA,CASA RURAL,LA GAÑANIA,"C/ LOS AFLIJIDOS, 4",38419,EXCLUSIVO,3,6
LOS REALEJOS,EXTRAHOTELERA,CASA RURAL,"TOPES, LOS","CAMINO ATRAVESADO, 15",38410,COMPARTIDO OTROS USUARIOS,4,10
LOS REALEJOS,EXTRAHOTELERA,CASA RURAL,FINCA EL QUINTO,"CASERIO LOS QUINTOS, 37.",38410,CATEGORIA UNICA,14,26
LOS REALEJOS,EXTRAHOTELERA,CASA RURAL,PEDRO PIÑERO GASPAR,"CALLE MILANA, 3",38410,CATEGORIA UNICA PROVISIONAL,4,4
LOS REALEJOS,EXTRAHOTELERA,CASA RURAL,"RAMBLA DE LOS CABALLOS, LA",FINCA SAN ANTONIO (PARAJE LA QUINTA),38410,EXCLUSIVO,2,4
LOS REALEJOS,EXTRAHOTELERA,CASA RURAL,FINCA ZAMORA,"RESIDENCIA ZAMORA, LA VERA",38419,CATEGORIA UNICA,1,2
LOS REALEJOS,EXTRAHOTELERA,CASA RURAL,HACIENDA EL TERRERO,"CTRA GENERAL TF-5, KM 43-44",38410,CATEGORIA UNICA,12,26
LOS REALEJOS,EXTRAHOTELERA,CASA RURAL,"PATIO DE TITA, EL","C/. JARDIN, 13",38410,COMPARTIDO OTROS USUARIOS,5,13
LOS REALEJOS,EXTRAHOTELERA,CASA RURAL,"LLANADAS, LAS ","C/ CHANAJIGA, 108",38410,CONJUNTO INMUEBLES,5,10
LOS REALEJOS,EXTRAHOTELERA,CASA RURAL,LAS MARESIAS,CAMINO LOS QUINTOS S/N,38416,,0,0
LOS REALEJOS,EXTRAHOTELERA,CASA RURAL,"TORRE, LA","FINCA LA TORRE, (EL SOCORRO)",38410,CONJUNTO INMUEBLES,3,10
LOS REALEJOS,EXTRAHOTELERA,CASA RURAL,JARDINES DE MILANO,"C/ LA HIGUERITA, 21",38419,COMPARTIDO OTROS USUARIOS,8,15
LOS REALEJOS,HOTELERA,HOTEL,VILLA MONTEMAR,"EL PARQUE, 6",38410,3 ESTRELLAS,6,12
LOS REALEJOS,HOTELERA,HOTEL,PANORAMICA GARDEN,"LA LONGUERA, S/N",38418,3 ESTRELLAS,242,484
LOS REALEJOS,HOTELERA,HOTEL,TIERRA DE ORO,"TIERRA DE ORO, S/N. URB.",38410,4 ESTRELLAS,50,99
LOS REALEJOS,HOTELERA,HOTEL,PRECISE RESORT PUERTO DE LA CRUZ TENERIFE,"CAMINO EL BURGADO, S/N.",38008,4 ESTRELLAS,237,476
LOS REALEJOS,HOTELERA,HOTEL APARTAMENTO,PRECISE RESORT PUERTO DE LA CRUZ TENERIFE,"CAMINO EL BURGAO, S/N.",38410,4 ESTRELLAS,142,284
LOS REALEJOS,HOTELERA,HOTEL RURAL,"CAÑAS, LAS","C/. DEL MEDIO ARRIBA, 21, 40",38410,2 PALMERAS,7,12
LOS REALEJOS,HOTELERA,HOTEL RURAL,BENTOR,"C/ GUILLERMO CAMACHO Y PEREZ GALDÓS, 6",38410,1 PALMERA,19,38
LOS REALEJOS,HOTELERA,HOTEL RURAL,CASABLANCA,"C/ REAL, 146",38410,2 PALMERAS,20,40
LOS SILOS,EXTRAHOTELERA,CASA EMBLEMATICA,MARUCA Y LELI,"C/ LA ESTRELLA, 12",38470,CATEGORIA UNICA,2,4
LOS SILOS,EXTRAHOTELERA,CASA RURAL,MONTE DEL AGUA,"C/. LOMO CORTO, 3",38470,COMPARTIDO OTROS USUARIOS,4,11
LOS SILOS,EXTRAHOTELERA,CASA RURAL," CRUZADA, LA","LA CRUZADA, 6",38470,CATEGORIA UNICA,1,10
LOS SILOS,HOTELERA,HOTEL,LUZ DEL MAR,"AVDA. SIBORA, 10",38000,4 ESTRELLAS,49,98
LOS SILOS,HOTELERA,HOTEL RURAL,FINCA LA HACIENDA,"C/. NUESTRA SRA. DE LOURDES, 2",38479,1 PALMERA,9,24
LOS SILOS,EXTRAHOTELERA,VIVIENDA TURISTICA,CASA AMARILLA,LA CALETA DE INTERIAN,38470,CATEGORIA UNICA,4,10
PUERTO DE LA CRUZ,EXTRAHOTELERA,APARTAMENTO,CLUB AMBASSADOR-PARQUE FARRAIS,"C/. GRANADOS (URB. EL DURAZNO), 18",38400,4 ESTRELLAS,40,87
PUERTO DE LA CRUZ,EXTRAHOTELERA,APARTAMENTO,TEIDE MAR,"C/. ACEVIÑOS (LA PAZ), 6",,3 LLAVES,166,332
PUERTO DE LA CRUZ,EXTRAHOTELERA,APARTAMENTO,TIGAIGA SUITES,"C/. CAMINO DEL COCHE, 7",38400,3 ESTRELLAS,34,103
PUERTO DE LA CRUZ,EXTRAHOTELERA,APARTAMENTO,"DRAGOS, LOS","AVDA 8 DE MARZO (URB. PARQUE LAS FLORES)  - CAMINO SAN ANTONIO, 4",38400,3 LLAVES,24,93
PUERTO DE LA CRUZ,EXTRAHOTELERA,APARTAMENTO,TENEGUIA,"AVDA. MELCHOR LUZ - LOCAL 5, 2",38400,3 LLAVES,177,354
PUERTO DE LA CRUZ,EXTRAHOTELERA,APARTAMENTO,GF NOELIA,"AVDA. HNOS. FERNANDEZ PERDIGON, 9",38400,3 ESTRELLAS,106,212
PUERTO DE LA CRUZ,EXTRAHOTELERA,APARTAMENTO,MOLINO BLANCO,"C/. ALMACIGO, 2",38400,3 LLAVES,64,128
PUERTO DE LA CRUZ,EXTRAHOTELERA,APARTAMENTO,BAMBI,"C/. ENRIQUE TALG, 15",38400,1 LLAVE,41,82
PUERTO DE LA CRUZ,EXTRAHOTELERA,APARTAMENTO,SKY VIEW,"AVDA. HNOS.FDEZ.PERDIGON (URB. SAN FELIPE), 8",38400,3 ESTRELLAS,122,244
PUERTO DE LA CRUZ,EXTRAHOTELERA,APARTAMENTO,BE SMART FLORIDA,"C/. CALAFATE (POLIG. SAN FELIPE), 3",38400,2 LLAVES,48,96
PUERTO DE LA CRUZ,EXTRAHOTELERA,APARTAMENTO,CANAIMA,"AGUSTIN ESPINOSA, 15",38400,2 LLAVES,14,42
PUERTO DE LA CRUZ,EXTRAHOTELERA,APARTAMENTO,"PRINCIPADO, EL","AVDA. MELCHOR LUZ, 3",38400,2 LLAVES,59,118
PUERTO DE LA CRUZ,EXTRAHOTELERA,APARTAMENTO,PEZ AZUL,"C/. RECTOR BENITO RODRIGUEZ RIOS, 1",38400,4 ESTRELLAS PROVISIONAL,135,270
PUERTO DE LA CRUZ,EXTRAHOTELERA,APARTAMENTO,"CARABELA II, LA","C/. RICHARD J. YEOWARD, 1",38400,4 ESTRELLAS PROVISIONAL,31,65
PUERTO DE LA CRUZ,EXTRAHOTELERA,APARTAMENTO,CHINYERO,"CTRA. EL BOTANICO, 35",38400,2 LLAVES,28,59
PUERTO DE LA CRUZ,EXTRAHOTELERA,APARTAMENTO,MASARU,"C/. LOS ROBLES (LA PAZ), 2",38400,3 LLAVES,0,0
PUERTO DE LA CRUZ,EXTRAHOTELERA,APARTAMENTO,ALUA TENERIFE,"C/. ANTONIO RUIZ ALVAREZ (URB. TUQUESA PLAYA), 7",38400,1 LLAVE,50,100
PUERTO DE LA CRUZ,EXTRAHOTELERA,APARTAMENTO,PARK PLAZA,"C/. JOSE DE ARROYO, 2",,2 LLAVES,49,98
PUERTO DE LA CRUZ,EXTRAHOTELERA,APARTAMENTO,BE SMART FLORIDA PLAZA,"C/. PUERTO VIEJO, 30",38400,3 LLAVES,132,276
PUERTO DE LA CRUZ,EXTRAHOTELERA,APARTAMENTO,PARQUE ATLANTA,"C/. GRAN CANARIA, 2 (URB. GUACIMARA)",38400,3 LLAVES,46,134
PUERTO DE LA CRUZ,EXTRAHOTELERA,APARTAMENTO,CASABLANCA,"C/. CALZADA DE MARTIANEZ (URB. EL TOPE), 4",38400,3 LLAVES,287,854
PUERTO DE LA CRUZ,EXTRAHOTELERA,APARTAMENTO,"CARABELA, LA","C/. RICHARD J. YEOWARD, 1",38400,4 ESTRELLAS PROVISIONAL,45,90
PUERTO DE LA CRUZ,EXTRAHOTELERA,CASA EMBLEMATICA,CASONA CHARCO,"C/ DOCTOR INGRAM, 7, ESQ. C/ NIEVES RAVELO 1",38400,,0,0
PUERTO DE LA CRUZ,EXTRAHOTELERA,CASA RURAL,HACIENDA LOS OROVALES,CAMINO EL LAZO,38400,CATEGORIA UNICA,0,0
PUERTO DE LA CRUZ,HOTELERA,HOTEL,BAHIA PRINCIPE SAN FELIPE,"AVDA. CRISTOBAL COLON, 22",38400,4 ESTRELLAS,293,633
PUERTO DE LA CRUZ,HOTELERA,HOTEL,BE LIVE TENERIFE,"AVDA. BLAS PEREZ GONZALEZ, 11",38400,4 ESTRELLAS,318,604
PUERTO DE LA CRUZ,HOTELERA,HOTEL,PARQUE SAN ANTONIO,"CTRA. GENERAL DE LAS ARENAS, S/N.",38400,5 ESTRELLAS PROVISIONAL,210,384
PUERTO DE LA CRUZ,HOTELERA,HOTEL,SKYVIEW,"HERMANOS FERNANDEZ PERDIGON, 8",38400,3 ESTRELLAS,121,244
PUERTO DE LA CRUZ,HOTELERA,HOTEL,ALUASOUL OROTAVA VALLEY,"C/. MANUEL YANES BARRETO (PLAYA JARDIN), 13",38400,4 ESTRELLAS,202,455
PUERTO DE LA CRUZ,HOTELERA,HOTEL,SOL COSTA ATLANTIS TENERIFE,"AVDA. VENEZUELA, 15",38400,4 ESTRELLAS,286,572
PUERTO DE LA CRUZ,HOTELERA,HOTEL,DC XIBANA PARK,"C/. VALOIS, 28",38400,3 ESTRELLAS,108,206
PUERTO DE LA CRUZ,HOTELERA,HOTEL,PUERTO PALACE,"C/. DR. COBIELLA ZAERA, S/N. (URB.SAN ANTONIO)",38400,4 ESTRELLAS,315,594
PUERTO DE LA CRUZ,HOTELERA,HOTEL,CATALONIA LAS VEGAS,"AVDA. COLON, 2",38400,4 ESTRELLAS,261,495
PUERTO DE LA CRUZ,HOTELERA,HOTEL,SUN HOLIDAYS,"C/. LA PEÑITA, 6",38400,1 ESTRELLA,25,44
PUERTO DE LA CRUZ,HOTELERA,HOTEL,"AGUILAS , LAS","C/. DR. BARAJAS, 19",38400,4 ESTRELLAS,220,460
PUERTO DE LA CRUZ,HOTELERA,HOTEL,SOL PUERTO DE LA CRUZ,"AVDA. JOSE DEL CAMPO LLARENA, 2",38400,4 ESTRELLAS,183,352
PUERTO DE LA CRUZ,HOTELERA,HOTEL,ASTORIA,"LA HOYA, 60",38400,3 ESTRELLAS,33,66
PUERTO DE LA CRUZ,HOTELERA,HOTEL,MAGEC PARK,"C/. PEREZ ZAMORA, S/N.",38400,3 ESTRELLAS,132,252
PUERTO DE LA CRUZ,HOTELERA,HOTEL,4DREAMS HOTEL,"C/. AGUSTIN DE BETHENCOURT, 14",38400,3 ESTRELLAS,62,117
PUERTO DE LA CRUZ,HOTELERA,HOTEL,O7 TENERIFE,"C/. LA HAYA (LA PAZ), 4",38400,4 ESTRELLAS,165,330
PUERTO DE LA CRUZ,HOTELERA,HOTEL,CASA DEL SOL,"C/. FINLANDIA (SAN FERNANDO), 4",38400,3 ESTRELLAS,52,127
PUERTO DE LA CRUZ,HOTELERA,HOTEL,PERLA TENERIFE,"C/. ISLA DE LA GOMERA, 3",38400,3 ESTRELLAS,130,260
PUERTO DE LA CRUZ,HOTELERA,HOTEL,ACUARIO,"C/. PARQUE LAS FLORES, 36",38400,2 ESTRELLAS,31,58
PUERTO DE LA CRUZ,HOTELERA,HOTEL,SILKEN SAAJ MAAR,"PASEO SAN TELMO, 18",38400,4 ESTRELLAS,69,172
PUERTO DE LA CRUZ,HOTELERA,HOTEL,ALUA TENERIFE,"C/. ANTONIO RUIZ ALVAREZ (URB. TURQUESA PLAYA), 7",38400,4 ESTRELLAS PROVISIONAL,425,934
PUERTO DE LA CRUZ,HOTELERA,HOTEL,ATLANTIC EL TOPE,"C/. CALZADA DE MARTIANEZ, 2",38400,4 ESTRELLAS,229,426
PUERTO DE LA CRUZ,HOTELERA,HOTEL,MAGA,"C/. IRIARTE ESQ. C/. SAN JUAN, 24, 11",38400,1 ESTRELLA,24,47
PUERTO DE LA CRUZ,HOTELERA,HOTEL,PARQUE VACACIONAL EDEN,"C/. FRANCIA, 8 (SAN FERNANDO)",38400,4 ESTRELLAS,224,520
PUERTO DE LA CRUZ,HOTELERA,HOTEL,CONCORDIA PLAYA,"AVDA. BETHENCOURT Y MOLINA, 32",38400,4 ESTRELLAS,236,452
PUERTO DE LA CRUZ,HOTELERA,HOTEL,LA NIÑA,"AVDA. AGUILAR Y QUESADA, 3",38400,4 ESTRELLAS,226,454
PUERTO DE LA CRUZ,HOTELERA,HOTEL,TEJUMA,"PEREZ ZAMORA, 51",38400,2 ESTRELLAS,20,38
PUERTO DE LA CRUZ,HOTELERA,HOTEL,COSTA JARDIN & SPA,"C/. GUERRERO, 14",38400,4 ESTRELLAS,238,452
PUERTO DE LA CRUZ,HOTELERA,HOTEL,GRAN HOTEL TAORO ,"PARQUE DEL TAORO, 2",38400,5 ESTRELLAS PROVISIONAL,0,0
PUERTO DE LA CRUZ,HOTELERA,HOTEL,DON CANDIDO,"C/. PORTUGAL (SAN FERNANDO), 10",,1 ESTRELLA,19,31
PUERTO DE LA CRUZ,HOTELERA,HOTEL,GEMA PUERTO,"C/. BLANCO, 13",38400,3 ESTRELLAS,48,88
PUERTO DE LA CRUZ,HOTELERA,HOTEL,MARQUESA,"C/. QUINTANA, 11",38400,3 ESTRELLAS,91,163
PUERTO DE LA CRUZ,HOTELERA,HOTEL,TAORO GARDEN,"C/. DINAMARCA, 3",38400,4 ESTRELLAS,182,334
PUERTO DE LA CRUZ,HOTELERA,HOTEL,PUERTO AZUL,"C/. EL LOMO, 24",38400,2 ESTRELLAS,27,39
PUERTO DE LA CRUZ,HOTELERA,HOTEL,MARTE,"C/. DR. INGRAM, 20",38400,3 ESTRELLAS,95,170
PUERTO DE LA CRUZ,HOTELERA,HOTEL,CANARIFE PALACE,"C/. ACEVIÑO (LA PAZ), 10",38400,4 ESTRELLAS,215,416
PUERTO DE LA CRUZ,HOTELERA,HOTEL,GRAN HOTEL RIU GAROE,"C/. DR. CELESTINO GONZALEZ PADRON, 3 (URB. LA PAZ)",38400,4 ESTRELLAS,190,380
PUERTO DE LA CRUZ,HOTELERA,HOTEL,MONOPOL,"C/. QUINTANA, 15",38400,3 ESTRELLAS,100,185
PUERTO DE LA CRUZ,HOTELERA,HOTEL,"PRINCIPES, LOS","DR. VICTOR PEREZ, S/N. PZA.",38400,3 ESTRELLAS,35,66
PUERTO DE LA CRUZ,HOTELERA,HOTEL,TROPICAL,"C/. PUERTO VIEJO, 3",38400,3 ESTRELLAS,43,82
PUERTO DE LA CRUZ,HOTELERA,HOTEL,ATLANTIC MIRAGE SUITES & SPA,"C/. EUCALIPTUS, 4",38400,4 ESTRELLAS,184,368
PUERTO DE LA CRUZ,HOTELERA,HOTEL,PINOCHO,"ESQUILON, 32 (LAS ARENAS)",38400,2 ESTRELLAS,24,46
PUERTO DE LA CRUZ,HOTELERA,HOTEL,VALLE MAR,"AVDA. COLON, 4",38400,4 ESTRELLAS,171,325
PUERTO DE LA CRUZ,HOTELERA,HOTEL,TIGAIGA,"C/. PARQUE TAORO, 28",38400,4 ESTRELLAS,83,158
PUERTO DE LA CRUZ,HOTELERA,HOTEL,VALLE OROTAVA,"C/. CUPIDO, 12",38400,4 ESTRELLAS PROVISIONAL,225,433
PUERTO DE LA CRUZ,HOTELERA,HOTEL,INTERPALACE,"C/. ACEVIÑO (LA PAZ), 21",38400,4 ESTRELLAS,250,500
PUERTO DE LA CRUZ,HOTELERA,HOTEL,BOTANICO,"C/. RICHARD J. YEOWARD (EL BOTANICO), 1",38400,5 ESTRELLAS LUJO,282,542
PUERTO DE LA CRUZ,HOTELERA,HOTEL,CONDESA,"C/. QUINTANA, 13",38400,3 ESTRELLAS,46,88
PUERTO DE LA CRUZ,HOTELERA,HOTEL,DON MANOLITO,"DR. MADAN, 6 (LOS GUIRRES)",38400,3 ESTRELLAS,79,151
PUERTO DE LA CRUZ,HOTELERA,HOTEL,H.A.S.-80 TENERIFE,"C/. PUERTO VIEJO, 40",38400,3 ESTRELLAS,89,169
PUERTO DE LA CRUZ,HOTELERA,HOTEL,BONANZA PALACE,"C/. ACEVIÑO (LA PAZ), 8",38400,4 ESTRELLAS,206,392
PUERTO DE LA CRUZ,HOTELERA,HOTEL,DWO NOPAL,"C/. SAN JUAN, 14",38400,3 ESTRELLAS,51,96
PUERTO DE LA CRUZ,HOTELERA,HOTEL,SAN BORONDON,"C/. AGUSTIN DE ESPINOSA, 2",38400,4 ESTRELLAS PROVISIONAL,104,198
PUERTO DE LA CRUZ,HOTELERA,HOTEL,TENERIFE PLAYA,"AVDA. COLON, 12",38400,4 ESTRELLAS,340,599
PUERTO DE LA CRUZ,HOTELERA,HOTEL,FERGUS PUERTO DE LA CRUZ,"AVDA. MARQUES VILLANUEVA DEL PRADO, S/N.",38400,4 ESTRELLAS,301,614
PUERTO DE LA CRUZ,HOTELERA,HOTEL,HC HOTEL MAGEC,"C/. CUPIDO, 11",38400,4 ESTRELLAS,187,355
PUERTO DE LA CRUZ,HOTELERA,PENSION,"GERANIOS, LOS","C/. EL LOMO, 14",38400,2 ESTRELLAS,10,20
PUERTO DE LA CRUZ,HOTELERA,PENSION,ROSAMARI,"SAN FELIPE, 14",38400,2 ESTRELLAS,11,21
PUERTO DE LA CRUZ,HOTELERA,PENSION,AROSA,"IRIARTE, 21",38400,2 ESTRELLAS,24,41
PUERTO DE LA CRUZ,HOTELERA,PENSION,ANGELES,"C/. MEQUINEZ, 98",38400,1 ESTRELLA,9,9
PUERTO DE LA CRUZ,HOTELERA,PENSION,REFUGIO DILANI,"BLANCO, 29",38400,2 ESTRELLAS,9,18
PUERTO DE LA CRUZ,HOTELERA,PENSION,CASA ALTA,"CALZADA DE MARTIANEZ, 9",38400,2 ESTRELLAS,13,22
PUERTO DE LA CRUZ,HOTELERA,PENSION,LOLY,"SALAS, 4",38000,2 ESTRELLAS,7,14
SAN JUAN DE LA RAMBLA,EXTRAHOTELERA,CASA EMBLEMATICA,EL CANTITO,"AVDA. DE LAS AGUAS, 20",38420,CATEGORIA UNICA,1,3
SAN JUAN DE LA RAMBLA,EXTRAHOTELERA,CASA EMBLEMATICA,CASA MUSA,"C/ ANTONIO ORAMAS, 15, SAN JUAN",38420,CATEGORIA UNICA,2,6
SAN JUAN DE LA RAMBLA,EXTRAHOTELERA,CASA EMBLEMATICA,EL CUBO,"C/ TEMISTOCLES DIAZ LLANOS, 2",38420,CATEGORIA UNICA,1,2
SAN JUAN DE LA RAMBLA,EXTRAHOTELERA,CASA RURAL,"FARO, EL","CAMINO REAL, 1",38420,EXCLUSIVO,1,3
SAN JUAN DE LA RAMBLA,EXTRAHOTELERA,CASA RURAL,VIRGEN DEL ROSARIO,"CMNO. RIBERA DEL MAR, 11. (EL ROSARIO)",38420,EXCLUSIVO,2,4
SAN JUAN DE LA RAMBLA,EXTRAHOTELERA,CASA RURAL,"ALENES DEL MAR, LOS","CMNO. DE LOS ALENES, Nº4",38429,CATEGORIA UNICA,3,6
SAN JUAN DE LA RAMBLA,HOTELERA,HOTEL RURAL,FINCA SAN JUAN,"C/ EL MAZAPE, 3",38420,2 PALMERAS,8,16
SAN MIGUEL DE ABONA,EXTRAHOTELERA,APARTAMENTO,11 HOLIDAY HOMES,"URB. GOLF DEL SUR, S/N.",38620,3 ESTRELLAS,11,32
SAN MIGUEL DE ABONA,EXTRAHOTELERA,APARTAMENTO,ALUASUN ATLANTICO GOLF,"AVDA DEL ATLANTICO, 7",38620,3 ESTRELLAS,160,320
SAN MIGUEL DE ABONA,EXTRAHOTELERA,APARTAMENTO,SUNSET VIEW,"COMPLEJO SANTA BARBARA, S/N.",38620,2 LLAVES,74,158
SAN MIGUEL DE ABONA,EXTRAHOTELERA,APARTAMENTO,CASA SAN MIGUEL,"GARAÑAÑA, LA, 39 - ZONA 2",38000,1 LLAVE,6,21
SAN MIGUEL DE ABONA,EXTRAHOTELERA,APARTAMENTO,WYNDHAM RESIDENCES GOLF DEL SUR,"C/. FRANCISCO SCHUMANN, S/N.",38639,2 LLAVES,106,430
SAN MIGUEL DE ABONA,EXTRAHOTELERA,APARTAMENTO,OCEAN BOULEVARD,GOLF DEL SUR URB.,38620,1 LLAVE,31,186
SAN MIGUEL DE ABONA,EXTRAHOTELERA,APARTAMENTO,GREEN PARK (EL CID Y LA CORBETA),"URB. GOLF DEL SUR, S/N.",38620,3 LLAVES,188,566
SAN MIGUEL DE ABONA,EXTRAHOTELERA,APARTAMENTO,PARQUE ALBATROS,"AVENIDA J.M. GALVAN BELLO, S/N.",38639,3 LLAVES,158,515
SAN MIGUEL DE ABONA,EXTRAHOTELERA,APARTAMENTO,GOLF PARK I,"AVDA. JOSE MIGUEL GALVAN BELLO (URB. GOLF PARK)), 165",38620,3 LLAVES,18,54
SAN MIGUEL DE ABONA,EXTRAHOTELERA,APARTAMENTO,ROYAL TENERIFE COUNTRY CLUB,"AVDA. DEL ATLANTICO, S/N. (EDIF. SAN ANDRES)",38620,3 ESTRELLAS,93,509
SAN MIGUEL DE ABONA,EXTRAHOTELERA,APARTAMENTO,AMARILLA GOLF RESIDENCES,"AVDA. ANGELES ASCANIO CULLEN, S/N. (P.P. AMARILLA GOLF, MANZANA 7B)",38620,5 ESTRELLAS PROVISIONAL,61,155
SAN MIGUEL DE ABONA,EXTRAHOTELERA,APARTAMENTO,"ADELFAS, LAS","URB. GOLF DEL SUR, S/N. (EL GUINCHO)",38620,1 LLAVE,45,175
SAN MIGUEL DE ABONA,EXTRAHOTELERA,CASA EMBLEMATICA,CASAS ALBERTO,"C/ FERMIN PEREZ, 88",38620,CATEGORIA UNICA,1,2
SAN MIGUEL DE ABONA,EXTRAHOTELERA,CASA EMBLEMATICA,CASA BELISARIA,"C/. GARAÑAÑA, 3",38620,CATEGORIA UNICA,4,10
SAN MIGUEL DE ABONA,EXTRAHOTELERA,CASA RURAL,"BODEGA, LA","C/ BETHENCOURT AFONSO, 4",38620,CONJUNTO INMUEBLES,4,8
SAN MIGUEL DE ABONA,EXTRAHOTELERA,CASA RURAL,VERA DE LA HOYA,"C/. LA HOYA, 11",38629,COMPARTIDO OTROS USUARIOS,7,14
SAN MIGUEL DE ABONA,EXTRAHOTELERA,CASA RURAL,CASA TAMAIDE,"C/. FUNDADORES CASMI, 1",38620,COMPARTIDO OTROS USUARIOS,2,6
SAN MIGUEL DE ABONA,HOTELERA,HOTEL,BAHIA PRINCIPE FANTASIA,"AVDA. J.M. GALVAN BELLO, S/N. (PARCELA C.C.V. URB. GOLF DEL SUR)",38620,5 ESTRELLAS,372,744
SAN MIGUEL DE ABONA,HOTELERA,HOTEL,HOTEL TENERIFE GOLF & SEA VIEW,GOLF DEL SUR URB.,38620,4 ESTRELLAS,129,258
SAN MIGUEL DE ABONA,HOTELERA,HOTEL,ALUA ATLANTICO GOLF RESORT,"AVDA. DEL ATLANTICO, 3",38620,4 ESTRELLAS,234,590
SAN MIGUEL DE ABONA,HOTELERA,HOTEL,GRAN MUTHU GOLF PLAZA,"AVDA. J.M. GALVAN BELLO, S/N.",38639,5 ESTRELLAS,174,378
SAN MIGUEL DE ABONA,HOTELERA,HOTEL,BARCELO TENERIFE,"C/. GREÑAMORA, S/N (SAN BLAS)",38629,5 ESTRELLAS,331,662
SAN MIGUEL DE ABONA,HOTELERA,HOTEL,SANTA BARBARA GOLF RESORT & OCEAN CLUB,"AVDA. DEL ATLANTICO, S/N.",38630,3 ESTRELLAS,279,722
SAN MIGUEL DE ABONA,HOTELERA,HOTEL EMBLEMATICO,CUATRO ESQUINAS ,"C/ LA IGLESIA, 11",38620,CATEGORIA UNICA,7,14
SAN MIGUEL DE ABONA,HOTELERA,HOTEL RURAL,SAN MIGUEL,"C/ LAS MORALES, 2",38620,2 PALMERAS,16,32
SANTA CRUZ DE TENERIFE,EXTRAHOTELERA,CASA EMBLEMATICA,THE PARK SUITES,"C/. ANTEQUERA, 9",38001,CATEGORIA UNICA,5,10
SANTA CRUZ DE TENERIFE,EXTRAHOTELERA,CASA EMBLEMATICA,CALLAO SUITES,"C/ CALLAO DE LIMA, 34 ESQUINA C/ VIERA Y CLAVIJO, 25",38003,,0,0
SANTA CRUZ DE TENERIFE,EXTRAHOTELERA,CASA EMBLEMATICA,LA CASA DE RAVINA 13,"C/. JUAN PABLO II, 26A 1º Nº 3",38004,CATEGORIA UNICA PROVISIONAL,0,0
SANTA CRUZ DE TENERIFE,EXTRAHOTELERA,CASA EMBLEMATICA,CASA HILDA,"C/ SANTO DOMINGO, 5",38003,,0,0
SANTA CRUZ DE TENERIFE,EXTRAHOTELERA,CASA EMBLEMATICA,HB TENERIFE GUIMERA,"C/ IMELDO SERIS, 30, ESQUINA C/ NICOLAS ESTEVANEZ",38003,,0,0
SANTA CRUZ DE TENERIFE,EXTRAHOTELERA,CASA EMBLEMATICA,TOPACIO,"C/. CANDELARIA, 7",,CATEGORIA UNICA,2,4
SANTA CRUZ DE TENERIFE,EXTRAHOTELERA,CASA EMBLEMATICA,LA COCHERA,"C/ PEREZ DE ROZAS, 16, BAJO",38004,,3,6
SANTA CRUZ DE TENERIFE,EXTRAHOTELERA,CASA RURAL,DOS BARRANCOS,"BCO. BUFADERO, VALLE GRANDE, 13",38180,CONJUNTO INMUEBLES,3,10
SANTA CRUZ DE TENERIFE,EXTRAHOTELERA,CASA RURAL,CA SILVIO,"PLAZA VIRGEN DE LAS NIEVES, 14",38130,CATEGORIA UNICA,0,0
SANTA CRUZ DE TENERIFE,EXTRAHOTELERA,CASA RURAL,CASA AZUL DE ROQUE NEGRO,"LOMO PERERA, 32",38139,CATEGORIA UNICA PROVISIONAL,1,5
SANTA CRUZ DE TENERIFE,HOTELERA,HOTEL,EUROSTARS ATLÁNTIDA,AVDA. TRES DE MAYO ESQ. AUREA DIAZ FLORES,38005,4 ESTRELLAS,112,224
SANTA CRUZ DE TENERIFE,HOTELERA,HOTEL,ADONIS CAPITAL,"C/. CRUZ VERDE, 24",38003,2 ESTRELLAS,45,69
SANTA CRUZ DE TENERIFE,HOTELERA,HOTEL,PRINCIPE PAZ,"VALENTIN SANZ, 33-35, ESQ. ADELANTADO",38002,3 ESTRELLAS,80,118
SANTA CRUZ DE TENERIFE,HOTELERA,HOTEL,ADONIS PLAZA,"PLAZA DE LA CANDELARIA, 10",38002,3 ESTRELLAS,95,133
SANTA CRUZ DE TENERIFE,HOTELERA,HOTEL,ESCUELA SANTA CRUZ,"SAN SEBASTIAN, 152",38006,4 ESTRELLAS,65,132
SANTA CRUZ DE TENERIFE,HOTELERA,HOTEL,TANAUSU,"C/. PADRE ANCHETA, 8",38005,3 ESTRELLAS,18,31
SANTA CRUZ DE TENERIFE,HOTELERA,HOTEL,NH TENERIFE,"C/. CANDELARIA ESQ. DR. ALLART, S/N.",38003,3 ESTRELLAS,64,112
SANTA CRUZ DE TENERIFE,HOTELERA,HOTEL,OCEANO CENTRO,"C/. CASTILLO, 6",38002,1 ESTRELLA,28,48
SANTA CRUZ DE TENERIFE,HOTELERA,HOTEL,HOTEL EUROSTARS ATLANTIDA,"AVDA. TRES DE MAYO, 3",38005,4 ESTRELLAS,32,52
SANTA CRUZ DE TENERIFE,HOTELERA,HOTEL,LA SUITE SANTA CRUZ,"C/. BETHENCOURT ALFONSO, 8",38002,2 ESTRELLAS,73,127
SANTA CRUZ DE TENERIFE,HOTELERA,HOTEL,MENCEY,"C/. DR. JOSE NAVEIRAS, 38",38001,5 ESTRELLAS,261,507
SANTA CRUZ DE TENERIFE,HOTELERA,HOTEL,HORIZONTE,"C/. SANTA ROSA DE LIMA, 11",38027,1 ESTRELLA,40,65
SANTA CRUZ DE TENERIFE,HOTELERA,HOTEL,ATLANTICO CENTRO,"C/. CASTILLO, 12",38002,2 ESTRELLAS,60,96
SANTA CRUZ DE TENERIFE,HOTELERA,HOTEL CIUDAD,NAUTICO,"AVDA. PROFESOR PERAZA DE AYALA, 13",38001,2 ESTRELLAS,40,76
SANTA CRUZ DE TENERIFE,HOTELERA,HOTEL EMBLEMATICO,HI SUITES,"C/ EMILIO CALZADILLA, 40",38002,,13,26
SANTA CRUZ DE TENERIFE,HOTELERA,HOTEL EMBLEMATICO,SAN FRANCISCO 89,"C/ SAN FRANCISCO, 89",38001,,0,0
SANTA CRUZ DE TENERIFE,HOTELERA,HOTEL EMBLEMATICO,HB TENERIFE GUIMERA,"C/ NICOLAS ESTEVANEZ, 3",38001,,0,0
SANTA CRUZ DE TENERIFE,HOTELERA,HOTEL EMBLEMATICO,F24,"C/ SAN VICENTE FERRER, 24",38002,CATEGORIA UNICA,9,18
SANTA CRUZ DE TENERIFE,HOTELERA,HOTEL URBANO,TABURIENTE,"C/. DR. JOSE NAVIERAS, 24-A",38001,4 ESTRELLAS,165,317
SANTA CRUZ DE TENERIFE,HOTELERA,HOTEL URBANO,AC TENERIFE,"C/ DOCTOR ALLART, 12 ESQ. C/ CANDELARIA, 31",38001,4 ESTRELLAS,83,166
SANTA CRUZ DE TENERIFE,HOTELERA,HOTEL URBANO,URBAN ANAGA HOTEL,"C/. IMELDO SERIS, 19 ESQ. C/. CRUZ VERDE, 7",38003,4 ESTRELLAS,50,100
SANTA CRUZ DE TENERIFE,HOTELERA,HOTEL URBANO,PARIGIHOTELS,"C/. JESUS Y MARIA, 40",38004,3 ESTRELLAS,2,8
SANTA CRUZ DE TENERIFE,HOTELERA,HOTEL URBANO,COLON RAMBLA,"C/. VIERA Y CLAVIJO, 49",38004,4 ESTRELLAS,60,126
SANTA CRUZ DE TENERIFE,HOTELERA,HOTEL URBANO,CASA KILIG,"RAMBLA DE SANTA CRUZ, 90",38004,3 ESTRELLAS,2,6
SANTA CRUZ DE TENERIFE,HOTELERA,HOTEL URBANO,INNSIDE TENERIFE SANTA CRUZ,"C/. EL PILAR, 3",38001,4 ESTRELLAS PROVISIONAL,83,166
SANTA CRUZ DE TENERIFE,HOTELERA,PENSION,RAMOS,"RAMBLA DE PULIDO, 91",38006,2 ESTRELLAS,20,36
SANTA CRUZ DE TENERIFE,HOTELERA,PENSION,MOVA,"C/. SAN MARTIN, 33",38001,2 ESTRELLAS,21,33
SANTA CRUZ DE TENERIFE,HOTELERA,PENSION,CASABLANCA BED AND BREAKFAST,"C/. VIERA Y CLAVIJO, 15",38003,1 ESTRELLA,18,25
SANTA CRUZ DE TENERIFE,HOTELERA,PENSION,PADRON,"ISLAS CANARIAS, 114 (ANTIGUA GENERAL MOLA)",38007,2 ESTRELLAS,33,45
SANTA CRUZ DE TENERIFE,HOTELERA,PENSION,VALVERDE,"C/. SABINO BERTHELOT, 46",38002,1 ESTRELLA,10,15
SANTA CRUZ DE TENERIFE,HOTELERA,PENSION,MILEMA,"SIMON BOLIVAR, 3",38007,1 ESTRELLA,16,32
SANTA CRUZ DE TENERIFE,HOTELERA,PENSION,CEJAS,"C/. SAN FRANCISCO, 47",38002,1 ESTRELLA,7,11
SANTA CRUZ DE TENERIFE,HOTELERA,PENSION,PADILLA,"C/. GENERAL MOLA (3º-2º IZDA.), 16",38006,1 ESTRELLA,11,16
SANTA CRUZ DE TENERIFE,HOTELERA,PENSION,GIJON,"C/. CALLAO DE LIMA, 37-3º",38002,1 ESTRELLA,4,6
SANTA CRUZ DE TENERIFE,EXTRAHOTELERA,VIVIENDA TURISTICA,CASA CA CHO PEDRO,"PISTA MILITAR, 15",38000,SIN DATO,2,6
SANTIAGO DEL TEIDE,EXTRAHOTELERA,APARTAMENTO,SUNFLOWER II,"C/. NATERO (URB. PUNTA NEGRA), 3",38683,1 LLAVE,60,204
SANTIAGO DEL TEIDE,EXTRAHOTELERA,APARTAMENTO,KLAYMAN DIAMOND APARTHOTEL,"C/. TABAIBA, 5-7",38686,1 LLAVE,30,67
SANTIAGO DEL TEIDE,EXTRAHOTELERA,APARTAMENTO,"SOMBRERO, EL","AVDA. JOSE GONZALEZ FORTES, 28",38683,1 LLAVE,32,83
SANTIAGO DEL TEIDE,EXTRAHOTELERA,APARTAMENTO,LAGO,"GENERAL PUERTO SANTIAGO, CTRA., 36",38000,1 LLAVE,35,113
SANTIAGO DEL TEIDE,EXTRAHOTELERA,APARTAMENTO,HARBOUR CLUB II,"AVDA. JOSE ANTONIO GONZALEZ FORTES, 53",38000,1 LLAVE,29,87
SANTIAGO DEL TEIDE,EXTRAHOTELERA,APARTAMENTO,"MARQUES PALACE, EL","C/. LAS ROSAS (URB. EL MARQUÉS), 1",38683,4 ESTRELLAS,63,234
SANTIAGO DEL TEIDE,EXTRAHOTELERA,APARTAMENTO,"MARQUES, EL","C/. LAS ROSAS, S/N. (EL MARQUES)",38683,1 LLAVE,125,533
SANTIAGO DEL TEIDE,EXTRAHOTELERA,APARTAMENTO,COLONIAL PARQUE LOS GIGANTES,"AVDA. JOSE GONZALEZ FORTES, 73",38683,1 LLAVE,36,113
SANTIAGO DEL TEIDE,EXTRAHOTELERA,APARTAMENTO,CLUB LA MAR,"AVDA. MARITIMA (URB. COSTA SALVAJE), 25",38683,1 LLAVE,37,185
SANTIAGO DEL TEIDE,EXTRAHOTELERA,APARTAMENTO,"ROSAS, LAS","C/. LAS ROSAS,  S/N. (URB. LAS ROSAS)",38683,2 LLAVES,94,426
SANTIAGO DEL TEIDE,EXTRAHOTELERA,APARTAMENTO,VIGILIA PARK,"AVDA. V CENTENARIO, 58",38683,2 LLAVES,109,414
SANTIAGO DEL TEIDE,EXTRAHOTELERA,APARTAMENTO,ROYAL SUN,"C/. GERANIO, 6",38690,5 ESTRELLAS PROVISIONAL,120,312
SANTIAGO DEL TEIDE,EXTRAHOTELERA,APARTAMENTO,HARBOUR CLUB I,"AVDA. JOSE ANTONIO GONZALEZ FORTES, 26",38436,1 LLAVE,32,128
SANTIAGO DEL TEIDE,EXTRAHOTELERA,APARTAMENTO,CRISTAL DEL ACANTILADO DE LOS GIGANTES,"C/. GERANIO, 8",38683,5 ESTRELLAS PROVISIONAL,19,82
SANTIAGO DEL TEIDE,EXTRAHOTELERA,APARTAMENTO,PUNTA NEGRA,"EL DRAGO, 48 -  (PLAYA LA ARENA)",38683,2 LLAVES,9,29
SANTIAGO DEL TEIDE,HOTELERA,HOTEL,DRAGOS DEL SUR,"AVDA. MARITIMA, S/N. ESQ. CALETA DEL JURADO",38436,3 ESTRELLAS,78,234
SANTIAGO DEL TEIDE,HOTELERA,HOTEL,"GIGANTES, LOS","C/. FLOR DE PASCUA, 12",38683,4 ESTRELLAS,225,451
SANTIAGO DEL TEIDE,HOTELERA,HOTEL,LANDMAR HOTEL COSTA LOS GIGANTES,"C/. JUAN MANUEL CAPDEVIELLE, 8",38683,4 ESTRELLAS,518,1001
SANTIAGO DEL TEIDE,HOTELERA,HOTEL,LAGOS DE CESAR,"C/. JOSE GONZALEZ GONZALEZ, 7",38436,4 ESTRELLAS,116,235
SANTIAGO DEL TEIDE,HOTELERA,HOTEL,BARCELO SANTIAGO,"C/. LA HONDURA, 8",38683,4 ESTRELLAS,407,810
SANTIAGO DEL TEIDE,HOTELERA,HOTEL,"CASONA DEL PATIO, LA","AVDA. LA IGLESIA, 72",38683,4 ESTRELLAS,20,40
SANTIAGO DEL TEIDE,HOTELERA,HOTEL,TAMAIMO TROPICAL,"C/. LA HONDURA, S/N.",38683,3 ESTRELLAS,372,824
SANTIAGO DEL TEIDE,HOTELERA,HOTEL,LANDMAR PLAYA LA ARENA,"C/. LAJIAL, 4",38436,4 ESTRELLAS,432,864
TACORONTE,EXTRAHOTELERA,APARTAMENTO,PARQUE MESA DEL MAR,"C/. ERNESTO CASTRO FARIÑA, 57 (URB. MESA DEL MAR)",38350,3 LLAVES,86,272
TACORONTE,EXTRAHOTELERA,CASA RURAL,"CASA DE LA PALMERA, LA","CARRETERA TACORONTE-TEJINA, Nº 135(H), POLIG 5 PARCELA 239 (ANTES Nº 141)",38350,COMPARTIDO OTROS USUARIOS,2,5
TACORONTE,EXTRAHOTELERA,CASA RURAL,"VIÑEDOS DE MARCO, LOS","C/ LA CARIDAD, 30",38350,CATEGORIA UNICA,5,10
TACORONTE,EXTRAHOTELERA,CASA RURAL,MASOALA,"C/ LA CARIDAD, 4",38350,CATEGORIA UNICA,3,6
TACORONTE,EXTRAHOTELERA,CASA RURAL,"ADELANTADO, EL","C/ EL ADELANTADO, 16",38350,COMPARTIDO OTROS USUARIOS,4,10
TACORONTE,EXTRAHOTELERA,CASA RURAL,"DESEADA, LA","C/ MIRANDA, 41",38350,EXCLUSIVO,2,4
TACORONTE,HOTELERA,HOTEL EMBLEMATICO,CASA CASILDA,"C/ CALVARIO, 53",38350,CATEGORIA UNICA,6,12
TANQUE,EXTRAHOTELERA,CASA EMBLEMATICA,FINCA EL LANCE,"C/ DR. VIRGOS PINTO, 23-27, 88",,CATEGORIA UNICA,5,14
TANQUE,EXTRAHOTELERA,CASA RURAL,"CAÑITAS, LAS","C/ LAS CAÑITAS, 17, A",38435,CATEGORIA UNICA,2,6
TANQUE,EXTRAHOTELERA,CASA RURAL,ERJOS,"C/ ANTONIO DORTA CURBELO, 3",38435,EXCLUSIVO,1,3
TANQUE,EXTRAHOTELERA,CASA RURAL,CASA LA CUNA,"TRANSVERSAL A C/ ANTONIO DORTA CURBELO, 3",38435,EXCLUSIVO,1,3
TANQUE,HOTELERA,HOTEL RURAL,CASERIO LOS PARTIDOS,"C/ LOS PARTIDOS DE FRANQUIS, 4",38435,2 PALMERAS,11,21
TEGUESTE,EXTRAHOTELERA,CASA EMBLEMATICA,LA TRANQUILIDAD,"C/ LA AUDIENCIA, 6",,CATEGORIA UNICA,1,4
TEGUESTE,EXTRAHOTELERA,CASA EMBLEMATICA,LA ARAÑITA,"C/ LA ARAÑITA, 15",38280,CATEGORIA UNICA,1,6
TEGUESTE,EXTRAHOTELERA,CASA RURAL,"CASILLA, LA","CTRA. GRAL. PUNTA DEL HIDALGO, 119",38280,EXCLUSIVO,1,3
TEGUESTE,EXTRAHOTELERA,CASA RURAL,FINCA EL ROQUE,"CMNO EL ROQUE, S/N",38280,CATEGORIA UNICA,1,4
TEGUESTE,EXTRAHOTELERA,CASA RURAL,"VERGEL, EL","CAMINO DE SANTO DOMINGO, S/N",38000,COMPARTIDO OTROS USUARIOS,3,6
TEGUESTE,HOTELERA,HOTEL EMBLEMATICO,DOÑA JUSTA,"C/ ASTROFISICO PEDRO ALVAREZ MARTIN, 24",38280,CATEGORIA UNICA,5,10
TEGUESTE,EXTRAHOTELERA,VIVIENDA TURISTICA,"PORTE, EL","CTRA. EL SOCORRO, 358",38280,SIN DATO,3,7
VILAFLOR,EXTRAHOTELERA,CASA RURAL,TIO PAULO,"PZA. DE LA IGLESIA, 5",38613,EXCLUSIVO,2,6
VILAFLOR,HOTELERA,HOTEL,VILLALBA,"CTRA. SAN ROQUE, S/N",38613,4 ESTRELLAS,21,42
VILAFLOR,HOTELERA,HOTEL,EL TEJAR & SPA,"C/. EL CALVARIO ESQ. EL TEJAR, 37",38613,2 ESTRELLAS,14,28
VILAFLOR,HOTELERA,HOTEL RURAL,"NOGAL, EL","CAMINO REAL, S/N.",38614,1 PALMERA,20,40
VILAFLOR,HOTELERA,HOTEL URBANO,ALTA MONTAÑA,"C/. MORRO EL CANO, 1",38613,3 ESTRELLAS,15,32
VILAFLOR,HOTELERA,PENSION,GERMAN,"SANTO DOMINGO, 1",38613,1 ESTRELLA,10,17
VILAFLOR,EXTRAHOTELERA,VIVIENDA TURISTICA,CASA LOS ESCALONES,"GENERAL LA ESCALONA, 8 CTRA.",38000,SIN DATO,2,6
