municipio,isla,etiqueta_cluster,tipos_presentes,clusters_ids,n_clusters,n_clusters_locales,n_clusters_turisticos,n_clusters_mixtos,n_fotos_local,n_fotos_turistico,alojamiento_list,restaurante_list,playa_list
Adeje,Tenerife,Local,"Local, Mixto, Turístico","51, 65, 68, 93, 125, 138, 139, 141, 142, 143, 152, 153, 158, 159, 160, 161, 166, 175, 176, 193, 196, 197, 198, 200, 201, 206, 209, 210, 215, 216, 217, 218, 219",33,15,17,1,1156,1076,"[{'alojamiento': 'PUEBLO TORVISCAS', 'alojamiento_tipo': 'Apartamento', 'alojamiento_url': 'https://www.google.com/maps/search/PUEBLO%20TORVISCAS%20ADEJE%20Tenerife'}, {'alojamiento': 'ROYAL GARDEN RIVER', 'alojamiento_tipo': 'Hotel', 'alojamiento_url': 'https://www.google.com/maps/search/ROYAL%20GARDEN%20RIVER%20ADEJE%20Tenerife'}]","[{'restaurante': 'CHEZ MIMI', 'restaurante_tipo': 'Restaurante', 'restaurante_url': 'https://www.google.com/maps/search/CHEZ%20MIMI%20ADEJE%20Tenerife'}, {'restaurante': 'LA GRANJA', 'restaurante_tipo': 'Restaurante', 'restaurante_url': 'https://www.google.com/maps/search/LA%20GRANJA%20ADEJE%20Tenerife'}]","[{'playa': 'Las Vistas', 'playa_url': 'https://www.google.com/maps/search/Las%20Vistas%20Adeje%20Tenerife'}]"
Agaete,Gran Canaria,Turístico,"Local, Mixto, Turístico","61, 62, 64, 70, 72, 84, 85, 86, 102, 103, 104",11,2,6,3,142,341,"[{'alojamiento': 'HOTEL OCCIDENTAL ROCA NEGRA', 'alojamiento_tipo': 'Hotel', 'alojamiento_url': 'https://www.google.com/maps/search/HOTEL%20OCCIDENTAL%20ROCA%20NEGRA%20Agaete%20Gran%20Canaria'}, {'alojamiento': 'HOTEL PUERTO DE LAS NIEVES', 'alojamiento_tipo': 'Hotel', 'alojamiento_url': 'https://www.google.com/maps/search/HOTEL%20PUERTO%20DE%20LAS%20NIEVES%20Agaete%20Gran%20Canaria'}]","[{'restaurante': 'Casa Lolo', 'restaurante_tipo': 'Bar-Cafeteria', 'restaurante_url': 'https://www.google.com/maps/search/Casa%20Lolo%20Agaete%20Gran%20Canaria'}, {'restaurante': 'Ragú', 'restaurante_tipo': 'Bar-Cafeteria', 'restaurante_url': 'https://www.google.com/maps/search/Rag%C3%BA%20Agaete%20Gran%20Canaria'}]","[{'playa': 'Las Nieves', 'playa_url': 'https://www.google.com/maps/search/Playa+Las+Nieves+Agaete+Gran+Canaria'}, {'playa': 'Guayedra', 'playa_url': 'https://www.google.com/maps/search/Playa+Guayedra+Agaete+Gran+Canaria'}]"
Agulo,La Gomera,Turístico,"Local, Mixto, Turístico","10, 13, 14, 16, 17, 21, 22",7,1,5,1,35,337,"[{'alojamiento': 'APARTAMENTOS BAJIP', 'alojamiento_tipo': 'Apartamentos', 'alojamiento_url': 'https://www.google.com/maps/search/APARTAMENTOS%20BAJIP%20Agulo%20La%20Gomera'}]","[{'restaurante': 'Avenida', 'restaurante_tipo': 'Bar-Cafeteria', 'restaurante_url': 'https://www.google.com/maps/search/Avenida%20Agulo%20La%20Gomera'}, {'restaurante': 'El Mantillo', 'restaurante_tipo': 'Bar-Cafeteria', 'restaurante_url': 'https://www.google.com/maps/search/El%20Mantillo%20Agulo%20La%20Gomera'}]","[{'playa': 'Playa de Agulo', 'playa_url': 'https://www.google.com/maps/search/Playa%20Playa%20de%20Agulo%20Agulo%20La%20Gomera'}, {'playa': 'Playa de San Marcos', 'playa_url': 'https://www.google.com/maps/search/Playa%20Playa%20de%20San%20Marcos%20Agulo%20La%20Gomera'}, {'playa': 'Playa de los Ajos', 'playa_url': 'https://www.google.com/maps/search/Playa%20Playa%20de%20los%20Ajos%20Agulo%20La%20Gomera'}]"
Aguimes,Gran Canaria,Turístico,"Local, Mixto, Turístico","0, 1, 2, 13, 15, 16, 18, 19, 23, 29",10,1,7,2,72,452,"[{'alojamiento': 'HOTEL PLAYA DE ARINAGA', 'alojamiento_tipo': 'Hotel', 'alojamiento_url': 'https://www.google.com/maps/search/HOTEL%20PLAYA%20DE%20ARINAGA%20Ag%C3%BCimes%20Gran%20Canaria'}]","[{'restaurante': 'Del Pino', 'restaurante_tipo': 'Bar-Cafeteria', 'restaurante_url': 'https://www.google.com/maps/search/Del%20Pino%20Aguimes%20Gran%20Canaria'}, {'restaurante': 'Peña', 'restaurante_tipo': 'Bar-Cafeteria', 'restaurante_url': 'https://www.google.com/maps/search/Pe%C3%B1a%20Aguimes%20Gran%20Canaria'}]","[{'playa': 'Playa de Arinaga', 'playa_url': 'https://www.google.com/maps/search/Playa+de+Arinaga+Agüimes+Gran+Canaria'}]"
Alajero,La Gomera,Local,"Local, Turístico","0, 1, 7",3,2,1,0,268,91,"[{'alojamiento': 'APARTAMENTOS CASANOVA I', 'alojamiento_tipo': 'Apartamentos', 'alojamiento_url': 'https://www.google.com/maps/search/APARTAMENTOS%20CASANOVA%20I%20Alajer%C3%B3%20La%20Gomera'}, {'alojamiento': 'APARTAMENTOS TAPAHUGA', 'alojamiento_tipo': 'Apartamentos', 'alojamiento_url': 'https://www.google.com/maps/search/APARTAMENTOS%20TAPAHUGA%20Alajer%C3%B3%20La%20Gomera'}]","[{'restaurante': 'Bar Restaurante La Chalana', 'restaurante_tipo': 'Bar-Cafeteria', 'restaurante_url': 'https://www.google.com/maps/search/Bar%20Restaurante%20La%20Chalana%20Alajero%20La%20Gomera'}, {'restaurante': 'La Alegría', 'restaurante_tipo': 'Bar-Cafeteria', 'restaurante_url': 'https://www.google.com/maps/search/La%20Alegr%C3%ADa%20Alajero%20La%20Gomera'}]","[{'playa': 'Playa de Santiago', 'playa_url': 'https://www.google.com/maps/search/Playa%20Playa%20de%20Santiago%20Alajer%C3%B3%20La%20Gomera'}, {'playa': 'Playa de Erese', 'playa_url': 'https://www.google.com/maps/search/Playa%20Playa%20de%20Erese%20Alajer%C3%B3%20La%20Gomera'}, {'playa': 'Playa del Medio', 'playa_url': 'https://www.google.com/maps/search/Playa%20Playa%20del%20Medio%20Alajer%C3%B3%20La%20Gomera'}]"
Antigua,Fuerteventura,Turístico,"Local, Mixto, Turístico","9, 10, 14, 18, 24, 25, 47, 55, 56, 57, 58, 59, 71, 76, 77, 83, 86, 87, 88, 89, 90, 91, 92, 93, 94, 95, 96, 97, 98, 99, 102, 103",32,5,25,2,318,905,"[{'alojamiento': 'ELBA CASTILLO SAN JORGE & ANTIGUA', 'alojamiento_tipo': 'Hotel', 'alojamiento_url': 'https://www.google.com/maps/search/ELBA%20CASTILLO%20SAN%20JORGE%20%26%20ANTIGUA%20Antigua%20Fuerteventura'}, {'alojamiento': 'ELBA LUCIA SPORT & SUITE HOTEL', 'alojamiento_tipo': 'Hotel', 'alojamiento_url': 'https://www.google.com/maps/search/ELBA%20LUCIA%20SPORT%20%26%20SUITE%20HOTEL%20Antigua%20Fuerteventura'}]","[{'restaurante': 'Antonio', 'restaurante_tipo': 'Bar-Cafeteria', 'restaurante_url': 'https://www.google.com/maps/search/Antonio%20Antigua%20Fuerteventura'}, {'restaurante': 'Tio Popi', 'restaurante_tipo': 'Bar-Cafeteria', 'restaurante_url': 'https://www.google.com/maps/search/Tio%20Popi%20Antigua%20Fuerteventura'}]","[{'playa': 'Playa del Castillo', 'playa_url': 'https://www.google.com/maps/search/Playa%20Playa%20del%20Castillo%20Antigua%20Fuerteventura'}]"
Arafo,Tenerife,Local,Local,6,1,1,0,0,33,0,"[{'alojamiento': 'CASA DEL CURA VIEJO', 'alojamiento_tipo': 'Casa Rural', 'alojamiento_url': 'https://www.google.com/maps/search/CASA%20DEL%20CURA%20VIEJO%20ARAFO%20Tenerife'}, {'alojamiento': 'LO DE CARTA', 'alojamiento_tipo': 'Casa Rural', 'alojamiento_url': 'https://www.google.com/maps/search/LO%20DE%20CARTA%20ARAFO%20Tenerife'}]","[{'restaurante': 'FINCA AGRICOLA KM2KCERO', 'restaurante_tipo': 'Guachinche', 'restaurante_url': 'https://www.google.com/maps/search/FINCA%20AGRICOLA%20KM2KCERO%20ARAFO%20Tenerife'}, {'restaurante': 'ROTONDA, LA', 'restaurante_tipo': 'Restaurante', 'restaurante_url': 'https://www.google.com/maps/search/ROTONDA%2C%20LA%20ARAFO%20Tenerife'}]",
Arico,Tenerife,Turístico,"Mixto, Turístico","10, 11, 12, 15, 16, 17, 18",7,0,6,1,0,367,"[{'alojamiento': 'VIÑITA, LA', 'alojamiento_tipo': 'Casa Emblematica', 'alojamiento_url': 'https://www.google.com/maps/search/VI%C3%91ITA%2C%20LA%20ARICO%20Tenerife'}, {'alojamiento': 'VIÑA VIEJA', 'alojamiento_tipo': 'Hotel', 'alojamiento_url': 'https://www.google.com/maps/search/VI%C3%91A%20VIEJA%20ARICO%20Tenerife'}]","[{'restaurante': 'ANDROMEDA II', 'restaurante_tipo': 'Restaurante', 'restaurante_url': 'https://www.google.com/maps/search/ANDROMEDA%20II%20ARICO%20Tenerife'}, {'restaurante': 'PIZZERIA AMICI', 'restaurante_tipo': 'Restaurante', 'restaurante_url': 'https://www.google.com/maps/search/PIZZERIA%20AMICI%20ARICO%20Tenerife'}]",
Arona,Tenerife,Turístico,"Local, Mixto, Turístico","33, 34, 48, 55, 60, 61, 62, 63, 64, 70, 74, 77, 78, 85, 92, 94, 134, 137, 144, 150, 151, 154, 155, 162, 164, 168, 169, 177, 178, 179, 188, 189, 190, 191, 192, 201, 202, 203, 204, 205, 208, 211, 212",43,7,30,6,604,2147,"[{'alojamiento': 'DON JOSE', 'alojamiento_tipo': 'Apartamento', 'alojamiento_url': 'https://www.google.com/maps/search/DON%20JOSE%20ARONA%20Tenerife'}, {'alojamiento': 'MARYLANZA SUITES & SPA', 'alojamiento_tipo': 'Hotel', 'alojamiento_url': 'https://www.google.com/maps/search/MARYLANZA%20SUITES%20%26%20SPA%20ARONA%20Tenerife'}]","[{'restaurante': 'AGUA DE COCO', 'restaurante_tipo': 'Restaurante', 'restaurante_url': 'https://www.google.com/maps/search/AGUA%20DE%20COCO%20ARONA%20Tenerife'}, {'restaurante': 'BARBACOA', 'restaurante_tipo': 'Restaurante', 'restaurante_url': 'https://www.google.com/maps/search/BARBACOA%20ARONA%20Tenerife'}]",
Arrecife,Lanzarote,Turístico,"Local, Mixto, Turístico","78, 86, 87, 116, 117, 118, 132, 159, 162, 163, 164, 178, 191, 196, 200, 201, 220, 221, 222, 225, 251, 254, 261, 262, 265, 266, 267",27,1,23,3,58,1547,"[{'alojamiento': 'HOTEL LANCELOT', 'alojamiento_tipo': 'Hotel', 'alojamiento_url': 'https://www.google.com/maps/search/HOTEL%20LANCELOT%20Arrecife%20Lanzarote'}, {'alojamiento': 'HOTEL MIRAMAR', 'alojamiento_tipo': 'Hotel', 'alojamiento_url': 'https://www.google.com/maps/search/HOTEL%20MIRAMAR%20Arrecife%20Lanzarote'}]","[{'restaurante': 'Alta Vista', 'restaurante_tipo': 'Bar-Cafeteria', 'restaurante_url': 'https://www.google.com/maps/search/Alta%20Vista%20Arrecife%20Lanzarote'}, {'restaurante': 'Janubio', 'restaurante_tipo': 'Bar-Cafeteria', 'restaurante_url': 'https://www.google.com/maps/search/Janubio%20Arrecife%20Lanzarote'}]","[{'playa': 'Playa del Reducto', 'playa_url': 'https://www.google.com/maps/search/Playa%20Playa%20del%20Reducto%20Arrecife%20Lanzarote'}, {'playa': 'Playa del Cable', 'playa_url': 'https://www.google.com/maps/search/Playa%20Playa%20del%20Cable%20Arrecife%20Lanzarote'}]"
Artenara,Gran Canaria,Turístico,Turístico,"3, 81",2,0,2,0,0,112,"[{'alojamiento': 'Los Mojones Artenara', 'alojamiento_tipo': 'Vivienda vacacional', 'alojamiento_url': 'https://www.google.com/maps/search/Los%20Mojones%20Artenara%20Artenara%20Gran%20Canaria'}]","[{'restaurante': 'Cuevita, La', 'restaurante_tipo': 'Bar-Cafeteria', 'restaurante_url': 'https://www.google.com/maps/search/Cuevita%2C%20La%20Artenara%20Gran%20Canaria'}, {'restaurante': 'Diaz', 'restaurante_tipo': 'Bar-Cafeteria', 'restaurante_url': 'https://www.google.com/maps/search/Diaz%20Artenara%20Gran%20Canaria'}]",
Arucas,Gran Canaria,Turístico,Turístico,"39, 56, 63, 83, 90, 92, 93",7,0,7,0,0,404,"[{'alojamiento': 'Hotel Rural La Hacienda del Buen Suceso', 'alojamiento_tipo': 'Hotel Rural', 'alojamiento_url': 'https://www.google.com/maps/search/Hotel%20Rural%20La%20Hacienda%20del%20Buen%20Suceso%20Arucas%20Gran%20Canaria'}]","[{'restaurante': 'Benjamin', 'restaurante_tipo': 'Bar-Cafeteria', 'restaurante_url': 'https://www.google.com/maps/search/Benjamin%20Arucas%20Gran%20Canaria'}, {'restaurante': 'Cafeteria Churreria Los Sifones', 'restaurante_tipo': 'Bar-Cafeteria', 'restaurante_url': 'https://www.google.com/maps/search/Cafeteria%20Churreria%20Los%20Sifones%20Arucas%20Gran%20Canaria'}]","[{'playa': 'El Puertillo', 'playa_url': 'https://www.google.com/maps/search/El+Puertillo+Arucas+Gran+Canaria'}]"
Barlovento,La Palma,Turístico,Turístico,"4, 5",2,0,2,0,0,97,"[{'alojamiento': 'HOTEL LA PALMA ROMANTICA', 'alojamiento_tipo': 'Hotel', 'alojamiento_url': 'https://www.google.com/maps/search/HOTEL%20LA%20PALMA%20ROMANTICA%20Barlovento%20La%20Palma'}]","[{'restaurante': 'El Ideal', 'restaurante_tipo': 'Bar-Cafeteria', 'restaurante_url': 'https://www.google.com/maps/search/El%20Ideal%20Barlovento%20La%20Palma'}, {'restaurante': 'Juventud Norteña', 'restaurante_tipo': 'Bar-Cafeteria', 'restaurante_url': 'https://www.google.com/maps/search/Juventud%20Norte%C3%B1a%20Barlovento%20La%20Palma'}]","[{'playa': 'Playa Punta Cumplida', 'playa_url': 'https://www.google.com/maps/search/Playa%20Playa%20Punta%20Cumplida%20Barlovento%20La%20Palma'}, {'playa': 'Piscinas de La Fajana', 'playa_url': 'https://www.google.com/maps/search/Playa%20Piscinas%20de%20La%20Fajana%20Barlovento%20La%20Palma'}, {'playa': 'Charco Azul', 'playa_url': 'https://www.google.com/maps/search/Playa%20Charco%20Azul%20Barlovento%20La%20Palma'}]"
Betancuria,Fuerteventura,Turístico,"Local, Mixto, Turístico","26, 39, 40, 49, 60, 63, 64, 100, 101",9,2,6,1,101,281,"[{'alojamiento': 'APARTAMENTOS AGUAS VERDES', 'alojamiento_tipo': 'Apartamentos', 'alojamiento_url': 'https://www.google.com/maps/search/APARTAMENTOS%20AGUAS%20VERDES%20Betancuria%20Fuerteventura'}]","[{'restaurante': 'Perera', 'restaurante_tipo': 'Bar-Cafeteria', 'restaurante_url': 'https://www.google.com/maps/search/Perera%20Betancuria%20Fuerteventura'}, {'restaurante': 'Rio Palmas', 'restaurante_tipo': 'Bar-Cafeteria', 'restaurante_url': 'https://www.google.com/maps/search/Rio%20Palmas%20Betancuria%20Fuerteventura'}]","[{'playa': 'Puerito de los Molinos', 'playa_url': 'https://www.google.com/maps/search/Playa%20Puerito%20de%20los%20Molinos%20Betancuria%20Fuerteventura'}]"
Brena Alta,La Palma,Turístico,Turístico,"0, 47, 65, 66",4,0,4,0,0,280,"[{'alojamiento': 'APARTAMENTOS LOS MORALES', 'alojamiento_tipo': 'Apartamentos', 'alojamiento_url': 'https://www.google.com/maps/search/APARTAMENTOS%20LOS%20MORALES%20Bre%C3%B1a%20Alta%20La%20Palma'}, {'alojamiento': 'APARTAMENTOS MIRANDA', 'alojamiento_tipo': 'Apartamentos', 'alojamiento_url': 'https://www.google.com/maps/search/APARTAMENTOS%20MIRANDA%20Bre%C3%B1a%20Alta%20La%20Palma'}]","[{'restaurante': 'Teneguia', 'restaurante_tipo': 'Bar-Cafeteria', 'restaurante_url': 'https://www.google.com/maps/search/Teneguia%20Bre%C3%B1a%20Alta%20La%20Palma'}, {'restaurante': 'Venezuela', 'restaurante_tipo': 'Bar-Cafeteria', 'restaurante_url': 'https://www.google.com/maps/search/Venezuela%20Bre%C3%B1a%20Alta%20La%20Palma'}]",
Brena Baja,La Palma,Turístico,Turístico,"40, 47, 73, 74, 78, 80, 81, 82, 83",9,0,9,0,0,448,"[{'alojamiento': 'HOTEL H10 TABURIENTE PLAYA', 'alojamiento_tipo': 'Hotel', 'alojamiento_url': 'https://www.google.com/maps/search/HOTEL%20H10%20TABURIENTE%20PLAYA%20Bre%C3%B1a%20Baja%20La%20Palma'}, {'alojamiento': 'PARADOR NACIONAL DE LA PALMA', 'alojamiento_tipo': 'Hotel', 'alojamiento_url': 'https://www.google.com/maps/search/PARADOR%20NACIONAL%20DE%20LA%20PALMA%20Bre%C3%B1a%20Baja%20La%20Palma'}]","[{'restaurante': 'Juventud Española', 'restaurante_tipo': 'Bar-Cafeteria', 'restaurante_url': 'https://www.google.com/maps/search/Juventud%20Espa%C3%B1ola%20Bre%C3%B1a%20Baja%20La%20Palma'}, {'restaurante': 'Paris', 'restaurante_tipo': 'Bar-Cafeteria', 'restaurante_url': 'https://www.google.com/maps/search/Paris%20Bre%C3%B1a%20Baja%20La%20Palma'}]","[{'playa': 'Playa de Los Cancajos', 'playa_url': 'https://www.google.com/maps/search/Playa%20Playa%20de%20Los%20Cancajos%20Bre%C3%B1a%20Baja%20La%20Palma'}]"
Buenavista Del Norte,Tenerife,Local,"Local, Mixto, Turístico","36, 43, 45, 46, 50, 54, 71, 87, 95, 101, 102, 103, 116, 120, 121",15,6,7,2,483,444,"[{'alojamiento': 'CASA QUEMADA', 'alojamiento_tipo': 'Casa Rural', 'alojamiento_url': 'https://www.google.com/maps/search/CASA%20QUEMADA%20BUENAVISTA%20DEL%20NORTE%20Tenerife'}, {'alojamiento': 'MELIA HACIENDA DEL CONDE', 'alojamiento_tipo': 'Hotel', 'alojamiento_url': 'https://www.google.com/maps/search/MELIA%20HACIENDA%20DEL%20CONDE%20BUENAVISTA%20DEL%20NORTE%20Tenerife'}]","[{'restaurante': 'MARINO, EL', 'restaurante_tipo': 'Restaurante', 'restaurante_url': 'https://www.google.com/maps/search/MARINO%2C%20EL%20BUENAVISTA%20DEL%20NORTE%20Tenerife'}, {'restaurante': 'TASCA EL BARACAN', 'restaurante_tipo': 'Restaurante', 'restaurante_url': 'https://www.google.com/maps/search/TASCA%20EL%20BARACAN%20BUENAVISTA%20DEL%20NORTE%20Tenerife'}]",
Candelaria,Tenerife,Turístico,Turístico,4,1,0,1,0,0,179,"[{'alojamiento': 'CASA MARIA', 'alojamiento_tipo': 'Apartamento', 'alojamiento_url': 'https://www.google.com/maps/search/CASA%20MARIA%20CANDELARIA%20Tenerife'}, {'alojamiento': 'CATALONIA PUNTA DEL REY', 'alojamiento_tipo': 'Hotel', 'alojamiento_url': 'https://www.google.com/maps/search/CATALONIA%20PUNTA%20DEL%20REY%20CANDELARIA%20Tenerife'}]","[{'restaurante': 'CASA MANUEL', 'restaurante_tipo': 'Guachinche', 'restaurante_url': 'https://www.google.com/maps/search/CASA%20MANUEL%20CANDELARIA%20%20Tenerife'}, {'restaurante': 'DON QUIJOTE DE LA MANCHA', 'restaurante_tipo': 'Restaurante', 'restaurante_url': 'https://www.google.com/maps/search/DON%20QUIJOTE%20DE%20LA%20MANCHA%20CANDELARIA%20%20Tenerife'}]",
El Paso,La Palma,Turístico,"Mixto, Turístico","11, 18, 20, 24, 25, 26, 28, 49, 51, 54, 55, 60, 62, 67, 68, 69, 70, 88, 89",19,0,16,3,0,1172,"[{'alojamiento': 'APARTAMENTOS CASA DE LAS PALMERAS', 'alojamiento_tipo': 'Apartamentos', 'alojamiento_url': 'https://www.google.com/maps/search/APARTAMENTOS%20CASA%20DE%20LAS%20PALMERAS%20El%20Paso%20La%20Palma'}, {'alojamiento': 'APARTAMENTOS HERMOSILLA', 'alojamiento_tipo': 'Apartamentos', 'alojamiento_url': 'https://www.google.com/maps/search/APARTAMENTOS%20HERMOSILLA%20El%20Paso%20La%20Palma'}]","[{'restaurante': 'Bocaccio', 'restaurante_tipo': 'Bar-Cafeteria', 'restaurante_url': 'https://www.google.com/maps/search/Bocaccio%20El%20Paso%20La%20Palma'}, {'restaurante': 'Cumbre', 'restaurante_tipo': 'Bar-Cafeteria', 'restaurante_url': 'https://www.google.com/maps/search/Cumbre%20El%20Paso%20La%20Palma'}]",
El Rosario,Tenerife,Turístico,Turístico,"1, 2",2,0,2,0,0,96,"[{'alojamiento': 'CAÑADAS', 'alojamiento_tipo': 'Hotel', 'alojamiento_url': 'https://www.google.com/maps/search/CA%C3%91ADAS%20EL%20ROSARIO%20Tenerife'}, {'alojamiento': 'OHANA', 'alojamiento_tipo': 'Hotel', 'alojamiento_url': 'https://www.google.com/maps/search/OHANA%20EL%20ROSARIO%20Tenerife'}]","[{'restaurante': 'EL MOSQUITO', 'restaurante_tipo': 'Guachinche', 'restaurante_url': 'https://www.google.com/maps/search/EL%20MOSQUITO%20EL%20ROSARIO%20Tenerife'}, {'restaurante': 'CASA ELOY', 'restaurante_tipo': 'Restaurante', 'restaurante_url': 'https://www.google.com/maps/search/CASA%20ELOY%20EL%20ROSARIO%20Tenerife'}]",
El Sauzal,Tenerife,Turístico,"Mixto, Turístico","20, 21, 22",3,0,2,1,0,141,"[{'alojamiento': 'RIQUELAS, LAS', 'alojamiento_tipo': 'Casa Rural', 'alojamiento_url': 'https://www.google.com/maps/search/RIQUELAS%2C%20LAS%20EL%20SAUZAL%20Tenerife'}, {'alojamiento': 'HACIENDA SAN JOSE', 'alojamiento_tipo': 'Hotel', 'alojamiento_url': 'https://www.google.com/maps/search/HACIENDA%20SAN%20JOSE%20EL%20SAUZAL%20Tenerife'}]","[{'restaurante': 'BODEGA ZENON', 'restaurante_tipo': 'Guachinche', 'restaurante_url': 'https://www.google.com/maps/search/BODEGA%20ZENON%20EL%20SAUZAL%20Tenerife'}, {'restaurante': 'CASA ROMAN', 'restaurante_tipo': 'Restaurante', 'restaurante_url': 'https://www.google.com/maps/search/CASA%20ROMAN%20EL%20SAUZAL%20Tenerife'}]",
Tanque,Tenerife,Local,"Local, Turístico","24, 59",2,1,1,0,115,63,"[{'alojamiento': 'FINCA EL LANCE', 'alojamiento_tipo': 'Casa Emblematica', 'alojamiento_url': 'https://www.google.com/maps/search/FINCA%20EL%20LANCE%20TANQUE%20Tenerife'}, {'alojamiento': 'CASERIO LOS PARTIDOS', 'alojamiento_tipo': 'Hotel', 'alojamiento_url': 'https://www.google.com/maps/search/CASERIO%20LOS%20PARTIDOS%20TANQUE%20Tenerife'}]","[{'restaurante': 'ANABEL II', 'restaurante_tipo': 'Restaurante', 'restaurante_url': 'https://www.google.com/maps/search/ANABEL%20II%20TANQUE%20Tenerife'}, {'restaurante': 'JARDIN DEL NORTE', 'restaurante_tipo': 'Restaurante', 'restaurante_url': 'https://www.google.com/maps/search/JARDIN%20DEL%20NORTE%20TANQUE%20Tenerife'}]",
Fasnia,Tenerife,Turístico,Turístico,"0, 27",2,0,2,0,0,157,"[{'alojamiento': 'CALIBORNA', 'alojamiento_tipo': 'Casa Emblematica', 'alojamiento_url': 'https://www.google.com/maps/search/CALIBORNA%20FASNIA%20Tenerife'}, {'alojamiento': 'SOMBRERA, LA', 'alojamiento_tipo': 'Casa Rural', 'alojamiento_url': 'https://www.google.com/maps/search/SOMBRERA%2C%20LA%20FASNIA%20Tenerife'}]","[{'restaurante': 'LAS PALMERAS DE FASNIA', 'restaurante_tipo': 'Restaurante', 'restaurante_url': 'https://www.google.com/maps/search/LAS%20PALMERAS%20DE%20FASNIA%20FASNIA%20Tenerife'}, {'restaurante': 'MUNDO', 'restaurante_tipo': 'Restaurante', 'restaurante_url': 'https://www.google.com/maps/search/MUNDO%20FASNIA%20Tenerife'}]",
Firgas,Gran Canaria,Turístico,"Local, Turístico","96, 100, 101",3,2,1,0,74,240,"[{'alojamiento': 'Acoran Family Guest House', 'alojamiento_tipo': 'Casa de huéspedes', 'alojamiento_url': 'https://www.google.com/maps/search/Acoran%20Family%20Guest%20House%20Firgas%20Gran%20Canaria'}]","[{'restaurante': 'Santana', 'restaurante_tipo': 'Bar-Cafeteria', 'restaurante_url': 'https://www.google.com/maps/search/Santana%20Firgas%20Gran%20Canaria'}, {'restaurante': 'Taberna Aleman', 'restaurante_tipo': 'Bar-Cafeteria', 'restaurante_url': 'https://www.google.com/maps/search/Taberna%20Aleman%20Firgas%20Gran%20Canaria'}]",
Frontera,El Hierro,Turístico,Turístico,"1, 2, 3, 7, 8, 9, 10, 11, 12, 14, 15, 18, 19, 20, 21, 22, 23, 24",18,0,18,0,0,1128,"[{'alojamiento': 'APARTAMENTOS LA PALMERA', 'alojamiento_tipo': 'Apartamentos', 'alojamiento_url': 'https://www.google.com/maps/search/APARTAMENTOS%20LA%20PALMERA%20Frontera%20El%20Hierro'}, {'alojamiento': 'HOTEL BALNEARIO POZO DE LA SALUD', 'alojamiento_tipo': 'Hotel', 'alojamiento_url': 'https://www.google.com/maps/search/HOTEL%20BALNEARIO%20POZO%20DE%20LA%20SALUD%20Frontera%20El%20Hierro'}, {'alojamiento': 'HOTEL PUNTA GRANDE', 'alojamiento_tipo': 'Hotel', 'alojamiento_url': 'https://www.google.com/maps/search/HOTEL%20PUNTA%20GRANDE%20Frontera%20El%20Hierro'}]","[{'restaurante': 'Cruz Alta', 'restaurante_tipo': 'Bar-Cafeteria', 'restaurante_url': 'https://www.google.com/maps/search/Cruz%20Alta%20Frontera%20El%20Hierro'}, {'restaurante': 'El Matorral (Auto Bar)', 'restaurante_tipo': 'Bar-Cafeteria', 'restaurante_url': 'https://www.google.com/maps/search/El%20Matorral%20%28Auto%20Bar%29%20Frontera%20El%20Hierro'}, {'restaurante': 'Sabor Criollo', 'restaurante_tipo': 'Bar-Cafeteria', 'restaurante_url': 'https://www.google.com/maps/search/Sabor%20Criollo%20Frontera%20El%20Hierro'}]","[{'playa': 'Playa El Verodal', 'playa_url': 'https://www.google.com/maps/search/Playa%20Playa%20El%20Verodal%20Frontera%20El%20Hierro'}, {'playa': 'Charco Azul', 'playa_url': 'https://www.google.com/maps/search/Playa%20Charco%20Azul%20Frontera%20El%20Hierro'}, {'playa': 'Charco de los Sargos', 'playa_url': 'https://www.google.com/maps/search/Playa%20Charco%20de%20los%20Sargos%20Frontera%20El%20Hierro'}, {'playa': 'Pozo de Las Calcosas', 'playa_url': 'https://www.google.com/maps/search/Playa%20Pozo%20de%20Las%20Calcosas%20Frontera%20El%20Hierro'}]"
Fuencaliente De La Palma,La Palma,Turístico,Turístico,"22, 23, 29, 32, 37, 38, 39",7,0,7,0,0,428,"[{'alojamiento': 'HOTEL LA PALMA PRINCESS', 'alojamiento_tipo': 'Hotel', 'alojamiento_url': 'https://www.google.com/maps/search/HOTEL%20LA%20PALMA%20PRINCESS%20Fuencaliente%20de%20La%20Palma%20La%20Palma'}, {'alojamiento': 'PENSION CENTRAL', 'alojamiento_tipo': 'Hotel', 'alojamiento_url': 'https://www.google.com/maps/search/PENSION%20CENTRAL%20Fuencaliente%20de%20La%20Palma%20La%20Palma'}]","[{'restaurante': 'La Cantina Del Gladiador', 'restaurante_tipo': 'Bar-Cafeteria', 'restaurante_url': 'https://www.google.com/maps/search/La%20Cantina%20Del%20Gladiador%20Fuencaliente%20De%20La%20Palma%20La%20Palma'}, {'restaurante': 'Los Amigos  Juan Petra', 'restaurante_tipo': 'Bar-Cafeteria', 'restaurante_url': 'https://www.google.com/maps/search/Los%20Amigos%20%20Juan%20Petra%20Fuencaliente%20De%20La%20Palma%20La%20Palma'}]","[{'playa': 'Playa Echentive', 'playa_url': 'https://www.google.com/maps/search/Playa%20Playa%20Echentive%20Fuencaliente%20de%20La%20Palma%20La%20Palma'}, {'playa': 'Playa Nueva', 'playa_url': 'https://www.google.com/maps/search/Playa%20Playa%20Nueva%20Fuencaliente%20de%20La%20Palma%20La%20Palma'}, {'playa': 'Playa del Faro', 'playa_url': 'https://www.google.com/maps/search/Playa%20Playa%20del%20Faro%20Fuencaliente%20de%20La%20Palma%20La%20Palma'}, {'playa': 'Playa de Zamora', 'playa_url': 'https://www.google.com/maps/search/Playa%20Playa%20de%20Zamora%20Fuencaliente%20de%20La%20Palma%20La%20Palma'}, {'playa': 'Playa La Lajita', 'playa_url': 'https://www.google.com/maps/search/Playa%20Playa%20La%20Lajita%20Fuencaliente%20de%20La%20Palma%20La%20Palma'}]"
Garachico,Tenerife,Turístico,"Local, Turístico","13, 14, 24",3,1,2,0,115,453,"[{'alojamiento': 'SAN ROQUE', 'alojamiento_tipo': 'Hotel', 'alojamiento_url': 'https://www.google.com/maps/search/SAN%20ROQUE%20GARACHICO%20Tenerife'}, {'alojamiento': 'GARA', 'alojamiento_tipo': 'Hotel', 'alojamiento_url': 'https://www.google.com/maps/search/GARA%20GARACHICO%20Tenerife'}]","[{'restaurante': 'CASA GASPAR', 'restaurante_tipo': 'Restaurante', 'restaurante_url': 'https://www.google.com/maps/search/CASA%20GASPAR%20GARACHICO%20Tenerife'}, {'restaurante': 'LA PERLA', 'restaurante_tipo': 'Restaurante', 'restaurante_url': 'https://www.google.com/maps/search/LA%20PERLA%20GARACHICO%20Tenerife'}]",
Garafia,La Palma,Turístico,"Local, Turístico","2, 6, 7, 16, 19, 25, 26, 27, 28, 31, 33, 34, 44",13,3,10,0,124,858,"[{'alojamiento': 'Casa La Fuente Garafía', 'alojamiento_tipo': 'Vivienda Vacacional', 'alojamiento_url': 'https://www.google.com/maps/search/Casa%20La%20Fuente%20Garaf%C3%ADa%20Garaf%C3%ADa%20La%20Palma'}, {'alojamiento': 'Casa Los Hondos Garafía', 'alojamiento_tipo': 'Vivienda Vacacional', 'alojamiento_url': 'https://www.google.com/maps/search/Casa%20Los%20Hondos%20Garaf%C3%ADa%20Garaf%C3%ADa%20La%20Palma'}]","[{'restaurante': 'Baltasar Martín', 'restaurante_tipo': 'Bar-Cafeteria', 'restaurante_url': 'https://www.google.com/maps/search/Baltasar%20Mart%C3%ADn%20Garafia%20La%20Palma'}, {'restaurante': 'Taberna Santi', 'restaurante_tipo': 'Bar-Cafeteria', 'restaurante_url': 'https://www.google.com/maps/search/Taberna%20Santi%20Garafia%20La%20Palma'}]","[{'playa': 'Playa del Tablado', 'playa_url': 'https://www.google.com/maps/search/Playa%20Playa%20del%20Tablado%20Garaf%C3%ADa%20La%20Palma'}, {'playa': 'Playa de Callejones', 'playa_url': 'https://www.google.com/maps/search/Playa%20Playa%20de%20Callejones%20Garaf%C3%ADa%20La%20Palma'}, {'playa': 'Playa de Las Tricias', 'playa_url': 'https://www.google.com/maps/search/Playa%20Playa%20de%20Las%20Tricias%20Garaf%C3%ADa%20La%20Palma'}]"
Granadilla De Abona,Tenerife,Turístico,"Local, Mixto, Turístico","8, 32, 33, 47, 69, 72, 81, 82, 91, 104, 105, 106, 119, 128, 129",15,1,11,3,60,719,"[{'alojamiento': 'MIRAMAR-MARRERO', 'alojamiento_tipo': 'Apartamento', 'alojamiento_url': 'https://www.google.com/maps/search/MIRAMAR-MARRERO%20GRANADILLA%20DE%20ABONA%20Tenerife'}, {'alojamiento': 'PLAYA SUR TENERIFE ', 'alojamiento_tipo': 'Hotel', 'alojamiento_url': 'https://www.google.com/maps/search/PLAYA%20SUR%20TENERIFE%20%20GRANADILLA%20DE%20ABONA%20Tenerife'}]","[{'restaurante': 'EL PINALETE', 'restaurante_tipo': 'Guachinche', 'restaurante_url': 'https://www.google.com/maps/search/EL%20PINALETE%20GRANADILLA%20DE%20ABONA%20Tenerife'}, {'restaurante': 'RONG-CHENG (PINO)', 'restaurante_tipo': 'Restaurante', 'restaurante_url': 'https://www.google.com/maps/search/RONG-CHENG%20%28PINO%29%20GRANADILLA%20DE%20ABONA%20Tenerife'}]","[{'playa': 'El Médano', 'playa_url': 'https://www.google.com/maps/search/El%20M%C3%A9dano%20Granadilla%20de%20Abona%20Tenerife'}]"
Guia De Isora,Tenerife,Turístico,"Local, Mixto, Turístico","23, 26, 49, 52, 53, 73, 79, 107",8,2,5,1,124,326,"[{'alojamiento': 'THE TERRACES OF ABAMA', 'alojamiento_tipo': 'Apartamento', 'alojamiento_url': 'https://www.google.com/maps/search/THE%20TERRACES%20OF%20ABAMA%20GUIA%20DE%20ISORA%20Tenerife'}, {'alojamiento': 'SHOLEO LODGES LOS GIGANTES', 'alojamiento_tipo': 'Hotel', 'alojamiento_url': 'https://www.google.com/maps/search/SHOLEO%20LODGES%20LOS%20GIGANTES%20GUIA%20DE%20ISORA%20Tenerife'}]","[{'restaurante': 'LETI', 'restaurante_tipo': 'Guachinche', 'restaurante_url': 'https://www.google.com/maps/search/LETI%20GUIA%20DE%20ISORA%20Tenerife'}, {'restaurante': 'COCHINO, EL', 'restaurante_tipo': 'Restaurante', 'restaurante_url': 'https://www.google.com/maps/search/COCHINO%2C%20EL%20GUIA%20DE%20ISORA%20Tenerife'}]",
Galdar,Gran Canaria,Local,"Local, Turístico","5, 8, 9, 10, 11, 24, 25, 64, 82",9,4,5,0,245,222,"[{'alojamiento': 'HOTEL HACIENDA DE ANZO - STIKO SANALI', 'alojamiento_tipo': 'Hotel', 'alojamiento_url': 'https://www.google.com/maps/search/HOTEL%20HACIENDA%20DE%20ANZO%20-%20STIKO%20SANALI%20Galdar%20Gran%20Canaria'}]","[{'restaurante': 'El Puente', 'restaurante_tipo': 'Bar-Cafeteria', 'restaurante_url': 'https://www.google.com/maps/search/El%20Puente%20Galdar%20Gran%20Canaria'}, {'restaurante': 'Sushimi Galdar', 'restaurante_tipo': 'Bar-Cafeteria', 'restaurante_url': 'https://www.google.com/maps/search/Sushimi%20Galdar%20Galdar%20Gran%20Canaria'}]","[{'playa': 'Sardina', 'playa_url': 'https://www.google.com/maps/search/Playa+Sardina+Gáldar+Gran+Canaria'}, {'playa': 'Playa del Agujero', 'playa_url': 'https://www.google.com/maps/search/Playa+del+Agujero+Gáldar+Gran+Canaria'}]"
Guimar,Tenerife,Turístico,"Local, Mixto, Turístico","3, 5, 7, 27",4,1,2,1,47,205,"[{'alojamiento': 'BUEN RETIRO', 'alojamiento_tipo': 'Hotel', 'alojamiento_url': 'https://www.google.com/maps/search/BUEN%20RETIRO%20G%C3%9CIMAR%20Tenerife'}, {'alojamiento': 'FINCA SALAMANCA', 'alojamiento_tipo': 'Hotel', 'alojamiento_url': 'https://www.google.com/maps/search/FINCA%20SALAMANCA%20G%C3%9CIMAR%20Tenerife'}]","[{'restaurante': 'FINCA EL SALON', 'restaurante_tipo': 'Guachinche', 'restaurante_url': 'https://www.google.com/maps/search/FINCA%20EL%20SALON%20G%C3%9CIMAR%20Tenerife'}, {'restaurante': 'DIXTINTO', 'restaurante_tipo': 'Restaurante', 'restaurante_url': 'https://www.google.com/maps/search/DIXTINTO%20G%C3%9CIMAR%20Tenerife'}]",
Haria,Lanzarote,Local,"Local, Mixto, Turístico","5, 7, 8, 12, 13, 14, 25, 27, 30, 37, 38, 49, 52, 53, 74, 79, 80, 82, 102, 130, 131, 148, 149, 153, 160, 170, 171",27,11,9,7,814,715,"[{'alojamiento': 'APARTAMENTOS CASTILLO DE PAPAGAYO', 'alojamiento_tipo': 'Apartamentos', 'alojamiento_url': 'https://www.google.com/maps/search/APARTAMENTOS%20CASTILLO%20DE%20PAPAGAYO%20Har%C3%ADa%20Lanzarote'}, {'alojamiento': 'APARTAMENTOS LAS PITERAS', 'alojamiento_tipo': 'Apartamentos', 'alojamiento_url': 'https://www.google.com/maps/search/APARTAMENTOS%20LAS%20PITERAS%20Har%C3%ADa%20Lanzarote'}]","[{'restaurante': 'Pescaditos, Los', 'restaurante_tipo': 'Bar-Cafeteria', 'restaurante_url': 'https://www.google.com/maps/search/Pescaditos%2C%20Los%20Haria%20Lanzarote'}, {'restaurante': 'Plaza, La', 'restaurante_tipo': 'Bar-Cafeteria', 'restaurante_url': 'https://www.google.com/maps/search/Plaza%2C%20La%20Haria%20Lanzarote'}]","[{'playa': 'Playa de Órzola', 'playa_url': 'https://www.google.com/maps/search/Playa%20Playa%20de%20%C3%93rzola%20Har%C3%ADa%20Lanzarote'}, {'playa': 'Caletón Blanco', 'playa_url': 'https://www.google.com/maps/search/Playa%20Calet%C3%B3n%20Blanco%20Har%C3%ADa%20Lanzarote'}, {'playa': 'Punta Mujeres', 'playa_url': 'https://www.google.com/maps/search/Playa%20Punta%20Mujeres%20Har%C3%ADa%20Lanzarote'}, {'playa': 'Playa de la Garita', 'playa_url': 'https://www.google.com/maps/search/Playa%20Playa%20de%20la%20Garita%20Har%C3%ADa%20Lanzarote'}, {'playa': 'Playa de La Cantería', 'playa_url': 'https://www.google.com/maps/search/Playa%20Playa%20de%20La%20Canter%C3%ADa%20Har%C3%ADa%20Lanzarote'}, {'playa': 'Playa del Risco', 'playa_url': 'https://www.google.com/maps/search/Playa%20Playa%20del%20Risco%20Har%C3%ADa%20Lanzarote'}]"
Hermigua,La Gomera,Turístico,"Local, Mixto, Turístico","5, 8, 12, 16, 17, 20, 23, 24, 25",9,1,7,1,35,584,"[{'alojamiento': 'APARTAMENTOS CASA DIVERSA', 'alojamiento_tipo': 'Apartamentos', 'alojamiento_url': 'https://www.google.com/maps/search/APARTAMENTOS%20CASA%20DIVERSA%20Hermigua%20La%20Gomera'}, {'alojamiento': 'APARTAMENTOS LOS TELARES', 'alojamiento_tipo': 'Apartamentos', 'alojamiento_url': 'https://www.google.com/maps/search/APARTAMENTOS%20LOS%20TELARES%20Hermigua%20La%20Gomera'}]","[{'restaurante': 'Grafiano', 'restaurante_tipo': 'Bar-Cafeteria', 'restaurante_url': 'https://www.google.com/maps/search/Grafiano%20Hermigua%20La%20Gomera'}, {'restaurante': 'Piloto', 'restaurante_tipo': 'Bar-Cafeteria', 'restaurante_url': 'https://www.google.com/maps/search/Piloto%20Hermigua%20La%20Gomera'}]","[{'playa': 'Playa de Hermigua', 'playa_url': 'https://www.google.com/maps/search/Playa%20Playa%20de%20Hermigua%20Hermigua%20La%20Gomera'}, {'playa': 'Playa de La Caleta', 'playa_url': 'https://www.google.com/maps/search/Playa%20Playa%20de%20La%20Caleta%20Hermigua%20La%20Gomera'}, {'playa': 'Playa de Santa Catalina', 'playa_url': 'https://www.google.com/maps/search/Playa%20Playa%20de%20Santa%20Catalina%20Hermigua%20La%20Gomera'}]"
Icod De Los Vinos,Tenerife,Turístico,"Mixto, Turístico","35, 39, 40",3,0,2,1,0,104,"[{'alojamiento': 'SAN AGUSTIN', 'alojamiento_tipo': 'Hotel', 'alojamiento_url': 'https://www.google.com/maps/search/SAN%20AGUSTIN%20ICOD%20DE%20LOS%20VINOS%20Tenerife'}, {'alojamiento': 'SAN MARCOS', 'alojamiento_tipo': 'Hotel', 'alojamiento_url': 'https://www.google.com/maps/search/SAN%20MARCOS%20ICOD%20DE%20LOS%20VINOS%20Tenerife'}]","[{'restaurante': ' RESTAURANTE-TASCA YOIRE', 'restaurante_tipo': 'Restaurante', 'restaurante_url': 'https://www.google.com/maps/search/%20RESTAURANTE-TASCA%20YOIRE%20ICOD%20DE%20LOS%20VINOS%20Tenerife'}, {'restaurante': 'CASA LUCAS', 'restaurante_tipo': 'Restaurante', 'restaurante_url': 'https://www.google.com/maps/search/CASA%20LUCAS%20ICOD%20DE%20LOS%20VINOS%20Tenerife'}]",
Ingenio,Gran Canaria,Local,"Local, Mixto, Turístico","16, 17, 23, 26, 29, 30, 33, 43, 45, 46, 49, 50, 51, 52",14,6,6,2,526,360,"[{'alojamiento': 'Villa Néstor', 'alojamiento_tipo': 'Bed & Breakfast', 'alojamiento_url': 'https://www.google.com/maps/search/Villa%20N%C3%A9stor%20Ingenio%20Gran%20Canaria'}]","[{'restaurante': 'Gran Sol, El', 'restaurante_tipo': 'Bar-Cafeteria', 'restaurante_url': 'https://www.google.com/maps/search/Gran%20Sol%2C%20El%20Ingenio%20Gran%20Canaria'}, {'restaurante': 'Yo-Ya', 'restaurante_tipo': 'Bar-Cafeteria', 'restaurante_url': 'https://www.google.com/maps/search/Yo-Ya%20Ingenio%20Gran%20Canaria'}]","[{'playa': 'Pozo Izquierdo (El Arenal)', 'playa_url': 'https://www.google.com/maps/search/Pozo+Izquierdo+Ingenio+Gran+Canaria'}]"
La Oliva,Fuerteventura,Turístico,Turístico,"17, 22, 23, 27, 28",5,0,5,0,0,211,"[{'alojamiento': 'HOTEL RIU OLIVA BEACH', 'alojamiento_tipo': 'Hotel', 'alojamiento_url': 'https://www.google.com/maps/search/HOTEL%20RIU%20OLIVA%20BEACH%20La%20Oliva%20Fuerteventura'}, {'alojamiento': 'HOTEL RIU PALACE TRES ISLAS', 'alojamiento_tipo': 'Hotel', 'alojamiento_url': 'https://www.google.com/maps/search/HOTEL%20RIU%20PALACE%20TRES%20ISLAS%20La%20Oliva%20Fuerteventura'}]","[{'restaurante': 'Carretera', 'restaurante_tipo': 'Bar-Cafeteria', 'restaurante_url': 'https://www.google.com/maps/search/Carretera%20La%20Oliva%20Fuerteventura'}, {'restaurante': 'Los Piratas-Casa Martín', 'restaurante_tipo': 'Bar-Cafeteria', 'restaurante_url': 'https://www.google.com/maps/search/Los%20Piratas-Casa%20Mart%C3%ADn%20La%20Oliva%20Fuerteventura'}]","[{'playa': 'Playa del Viejo Corralejo', 'playa_url': 'https://www.google.com/maps/search/Playa%20Playa%20del%20Viejo%20Corralejo%20La%20Oliva%20Fuerteventura'}, {'playa': 'Playa de la Concha de Lobos', 'playa_url': 'https://www.google.com/maps/search/Playa%20Playa%20de%20la%20Concha%20de%20Lobos%20La%20Oliva%20Fuerteventura'}, {'playa': 'Playas Grandes', 'playa_url': 'https://www.google.com/maps/search/Playa%20Playas%20Grandes%20La%20Oliva%20Fuerteventura'}, {'playa': 'Playa Alzada', 'playa_url': 'https://www.google.com/maps/search/Playa%20Playa%20Alzada%20La%20Oliva%20Fuerteventura'}, {'playa': 'Playa de la Concha de El Cotillo', 'playa_url': 'https://www.google.com/maps/search/Playa%20Playa%20de%20la%20Concha%20de%20El%20Cotillo%20La%20Oliva%20Fuerteventura'}]"
La Orotava,Tenerife,Turístico,"Local, Mixto, Turístico","25, 27, 29, 30, 31, 37, 38, 73, 88, 96, 100, 110, 111, 112, 113, 114, 115, 119, 122, 123, 126, 127, 130, 132, 133, 135, 136, 140, 146, 147, 148",31,3,13,15,169,1010,"[{'alojamiento': 'FINCA EL RINCON', 'alojamiento_tipo': 'Apartamento', 'alojamiento_url': 'https://www.google.com/maps/search/FINCA%20EL%20RINCON%20LA%20OROTAVA%20Tenerife'}, {'alojamiento': 'ALHAMBRA', 'alojamiento_tipo': 'Hotel', 'alojamiento_url': 'https://www.google.com/maps/search/ALHAMBRA%20LA%20OROTAVA%20Tenerife'}]","[{'restaurante': 'EL MOLINERO', 'restaurante_tipo': 'Guachinche', 'restaurante_url': 'https://www.google.com/maps/search/EL%20MOLINERO%20LA%20OROTAVA%20Tenerife'}, {'restaurante': 'TASCA OROTAVA', 'restaurante_tipo': 'Restaurante', 'restaurante_url': 'https://www.google.com/maps/search/TASCA%20OROTAVA%20LA%20OROTAVA%20Tenerife'}]","[{'playa': 'El Bollullo', 'playa_url': 'https://www.google.com/maps/search/El%20Bollullo%20La%20Orotava%20Tenerife'}]"
Las Palmas De Gran Canaria,Gran Canaria,Turístico,"Local, Mixto, Turístico","32, 34, 35, 36, 40, 47, 48, 53, 54, 55, 57, 58, 79, 98, 99, 105, 106, 108, 109, 110, 111, 112, 114, 116, 119, 120, 121, 122, 123, 124, 126, 127, 128, 129, 130, 131, 132, 133, 134, 135, 136, 137, 138, 139, 140, 141, 142, 143, 144, 145, 146, 147, 148, 149, 150, 151, 152, 153, 154, 155, 156, 157, 158, 159, 160, 161, 162, 163, 164, 165, 166, 167, 168, 169, 170, 171, 172, 173, 174, 175, 176, 177, 178, 179, 180, 181, 182, 183",88,14,52,22,744,3662,"[{'alojamiento': 'HOTEL AC IBERIA LAS PALMAS', 'alojamiento_tipo': 'Hotel', 'alojamiento_url': 'https://www.google.com/maps/search/HOTEL%20AC%20IBERIA%20LAS%20PALMAS%20Las%20Palmas%20de%20Gran%20Canaria%20Gran%20Canaria'}, {'alojamiento': 'HOTEL ASTORIA', 'alojamiento_tipo': 'Hotel', 'alojamiento_url': 'https://www.google.com/maps/search/HOTEL%20ASTORIA%20Las%20Palmas%20de%20Gran%20Canaria%20Gran%20Canaria'}]","[{'restaurante': 'Churreria-Chocolateria Los Angeles-Nazak Kebap & Tandoori Grill House', 'restaurante_tipo': 'Bar-Cafeteria', 'restaurante_url': 'https://www.google.com/maps/search/Churreria-Chocolateria%20Los%20Angeles-Nazak%20Kebap%20%26%20Tandoori%20Grill%20House%20Las%20Palmas%20De%20Gran%20Canaria%20Gran%20Canaria'}, {'restaurante': 'Tadeo', 'restaurante_tipo': 'Bar-Cafeteria', 'restaurante_url': 'https://www.google.com/maps/search/Tadeo%20Las%20Palmas%20De%20Gran%20Canaria%20Gran%20Canaria'}]","[{'playa': 'Las Canteras', 'playa_url': 'https://www.google.com/maps/search/Playa+de+Las+Canteras+Las+Palmas+de+Gran+Canaria'}, {'playa': 'Las Alcaravaneras', 'playa_url': 'https://www.google.com/maps/search/Playa+de+Las+Alcaravaneras+Las+Palmas+de+Gran+Canaria'}]"
Los Llanos De Aridane,La Palma,Turístico,"Local, Mixto, Turístico","1, 30, 45, 46, 71, 87, 91, 92, 95, 96, 97, 98, 99, 100, 101, 102",16,1,14,1,40,986,"[{'alojamiento': 'HOTEL EDEN', 'alojamiento_tipo': 'Hotel', 'alojamiento_url': 'https://www.google.com/maps/search/HOTEL%20EDEN%20Los%20Llanos%20de%20Aridane%20La%20Palma'}, {'alojamiento': 'HOTEL VALLE ARIDANE', 'alojamiento_tipo': 'Hotel', 'alojamiento_url': 'https://www.google.com/maps/search/HOTEL%20VALLE%20ARIDANE%20Los%20Llanos%20de%20Aridane%20La%20Palma'}]","[{'restaurante': 'Avenida', 'restaurante_tipo': 'Bar-Cafeteria', 'restaurante_url': 'https://www.google.com/maps/search/Avenida%20Los%20Llanos%20De%20Aridane%20La%20Palma'}, {'restaurante': 'Galicia', 'restaurante_tipo': 'Bar-Cafeteria', 'restaurante_url': 'https://www.google.com/maps/search/Galicia%20Los%20Llanos%20De%20Aridane%20La%20Palma'}]","[{'playa': 'Playa de Puerto Naos', 'playa_url': 'https://www.google.com/maps/search/Playa%20Playa%20de%20Puerto%20Naos%20Los%20Llanos%20de%20Aridane%20La%20Palma'}, {'playa': 'Playa de Charco Verde', 'playa_url': 'https://www.google.com/maps/search/Playa%20Playa%20de%20Charco%20Verde%20Los%20Llanos%20de%20Aridane%20La%20Palma'}]"
Los Realejos,Tenerife,Turístico,"Mixto, Turístico","41, 44",2,0,1,1,0,74,"[{'alojamiento': 'PLAYA DE LOS ROQUES', 'alojamiento_tipo': 'Apartamento', 'alojamiento_url': 'https://www.google.com/maps/search/PLAYA%20DE%20LOS%20ROQUES%20LOS%20REALEJOS%20Tenerife'}, {'alojamiento': 'VILLA MONTEMAR', 'alojamiento_tipo': 'Hotel', 'alojamiento_url': 'https://www.google.com/maps/search/VILLA%20MONTEMAR%20LOS%20REALEJOS%20Tenerife'}]","[{'restaurante': 'LA CUADRA', 'restaurante_tipo': 'Guachinche', 'restaurante_url': 'https://www.google.com/maps/search/LA%20CUADRA%20LOS%20REALEJOS%20Tenerife'}, {'restaurante': 'PIZZERIA TOSCAL', 'restaurante_tipo': 'Restaurante', 'restaurante_url': 'https://www.google.com/maps/search/PIZZERIA%20TOSCAL%20LOS%20REALEJOS%20Tenerife'}]","[{'playa': 'El Socorro', 'playa_url': 'https://www.google.com/maps/search/El%20Socorro%20Los%20Realejos%20Tenerife'}]"
Los Silos,Tenerife,Turístico,Turístico,"13, 59",2,0,2,0,0,131,"[{'alojamiento': 'LUZ DEL MAR', 'alojamiento_tipo': 'Hotel', 'alojamiento_url': 'https://www.google.com/maps/search/LUZ%20DEL%20MAR%20LOS%20SILOS%20Tenerife'}, {'alojamiento': 'FINCA LA HACIENDA', 'alojamiento_tipo': 'Hotel', 'alojamiento_url': 'https://www.google.com/maps/search/FINCA%20LA%20HACIENDA%20LOS%20SILOS%20Tenerife'}]","[{'restaurante': 'EL MOCAN', 'restaurante_tipo': 'Restaurante', 'restaurante_url': 'https://www.google.com/maps/search/EL%20MOCAN%20LOS%20SILOS%20Tenerife'}, {'restaurante': 'POZO CANARIO, EL', 'restaurante_tipo': 'Restaurante', 'restaurante_url': 'https://www.google.com/maps/search/POZO%20CANARIO%2C%20EL%20LOS%20SILOS%20Tenerife'}]",
Moya,Gran Canaria,Turístico,"Local, Mixto, Turístico","67, 80, 82, 94, 95, 100",6,2,3,1,62,222,"[{'alojamiento': 'Dreamsea Boutique Experience', 'alojamiento_tipo': 'Hotel Boutique', 'alojamiento_url': 'https://www.google.com/maps/search/Dreamsea%20Boutique%20Experience%20Moya%20Gran%20Canaria'}]","[{'restaurante': ""Pizzeria Ca'Masita"", 'restaurante_tipo': 'Bar-Cafeteria', 'restaurante_url': 'https://www.google.com/maps/search/Pizzeria%20Ca%27Masita%20Moya%20Gran%20Canaria'}, {'restaurante': 'Tilos, Los', 'restaurante_tipo': 'Bar-Cafeteria', 'restaurante_url': 'https://www.google.com/maps/search/Tilos%2C%20Los%20Moya%20Gran%20Canaria'}]","[{'playa': 'Charco de San Lorenzo', 'playa_url': 'https://www.google.com/maps/search/Charco+de+San+Lorenzo+Moya+Gran+Canaria'}]"
Puerto De La Cruz,Tenerife,Local,"Local, Mixto, Turístico","42, 99, 124, 145, 149, 156, 157, 163, 165, 167, 170, 171, 172, 173, 174, 180, 181, 182, 183, 184, 185, 186, 187, 194, 195, 199, 207, 213, 214",29,15,4,10,1157,542,"[{'alojamiento': 'CLUB AMBASSADOR-PARQUE FARRAIS', 'alojamiento_tipo': 'Apartamento', 'alojamiento_url': 'https://www.google.com/maps/search/CLUB%20AMBASSADOR-PARQUE%20FARRAIS%20PUERTO%20DE%20LA%20CRUZ%20Tenerife'}, {'alojamiento': 'BAHIA PRINCIPE SAN FELIPE', 'alojamiento_tipo': 'Hotel', 'alojamiento_url': 'https://www.google.com/maps/search/BAHIA%20PRINCIPE%20SAN%20FELIPE%20PUERTO%20DE%20LA%20CRUZ%20Tenerife'}]","[{'restaurante': 'CAFE DE PARIS', 'restaurante_tipo': 'Restaurante', 'restaurante_url': 'https://www.google.com/maps/search/CAFE%20DE%20PARIS%20PUERTO%20DE%20LA%20CRUZ%20Tenerife'}, {'restaurante': 'RANCHO GRANDE', 'restaurante_tipo': 'Restaurante', 'restaurante_url': 'https://www.google.com/maps/search/RANCHO%20GRANDE%20PUERTO%20DE%20LA%20CRUZ%20Tenerife'}]","[{'playa': 'Playa Jardín', 'playa_url': 'https://www.google.com/maps/search/Playa%20Jard%C3%ADn%20Puerto%20de%20la%20Cruz%20Tenerife'}]"
Puerto Del Rosario,Fuerteventura,Turístico,"Local, Turístico","3, 11, 13, 16, 17, 20, 41, 43, 61, 62, 65, 69, 70, 78, 82, 84, 85",17,4,13,0,138,457,"[{'alojamiento': 'HOSTAL ROQUEMAR', 'alojamiento_tipo': 'Hotel', 'alojamiento_url': 'https://www.google.com/maps/search/HOSTAL%20ROQUEMAR%20Puerto%20del%20Rosario%20Fuerteventura'}, {'alojamiento': 'PENSION MACARIO I', 'alojamiento_tipo': 'Hotel', 'alojamiento_url': 'https://www.google.com/maps/search/PENSION%20MACARIO%20I%20Puerto%20del%20Rosario%20Fuerteventura'}]","[{'restaurante': 'Molino De Viento', 'restaurante_tipo': 'Bar-Cafeteria', 'restaurante_url': 'https://www.google.com/maps/search/Molino%20De%20Viento%20Puerto%20Del%20Rosario%20Fuerteventura'}, {'restaurante': 'Saavedra', 'restaurante_tipo': 'Bar-Cafeteria', 'restaurante_url': 'https://www.google.com/maps/search/Saavedra%20Puerto%20Del%20Rosario%20Fuerteventura'}]","[{'playa': 'Playa Blanca', 'playa_url': 'https://www.google.com/maps/search/Playa%20Playa%20Blanca%20Puerto%20del%20Rosario%20Fuerteventura'}, {'playa': 'Playa Chica', 'playa_url': 'https://www.google.com/maps/search/Playa%20Playa%20Chica%20Puerto%20del%20Rosario%20Fuerteventura'}, {'playa': 'Las Caletillas', 'playa_url': 'https://www.google.com/maps/search/Playa%20Las%20Caletillas%20Puerto%20del%20Rosario%20Fuerteventura'}, {'playa': 'Playa de Los Pozos', 'playa_url': 'https://www.google.com/maps/search/Playa%20Playa%20de%20Los%20Pozos%20Puerto%20del%20Rosario%20Fuerteventura'}, {'playa': 'Playa de Las Lajas', 'playa_url': 'https://www.google.com/maps/search/Playa%20Playa%20de%20Las%20Lajas%20Puerto%20del%20Rosario%20Fuerteventura'}]"
Puntagorda,La Palma,Turístico,"Mixto, Turístico","13, 41, 42, 43",4,0,3,1,0,186,"[{'alojamiento': 'PENSION MAR Y MONTE', 'alojamiento_tipo': 'Hotel', 'alojamiento_url': 'https://www.google.com/maps/search/PENSION%20MAR%20Y%20MONTE%20Puntagorda%20La%20Palma'}]","[{'restaurante': 'Cuatro Caminos', 'restaurante_tipo': 'Bar-Cafeteria', 'restaurante_url': 'https://www.google.com/maps/search/Cuatro%20Caminos%20Puntagorda%20La%20Palma'}, {'restaurante': 'El Roque', 'restaurante_tipo': 'Bar-Cafeteria', 'restaurante_url': 'https://www.google.com/maps/search/El%20Roque%20Puntagorda%20La%20Palma'}]","[{'playa': 'Puerto de Puntagorda', 'playa_url': 'https://www.google.com/maps/search/Playa%20Puerto%20de%20Puntagorda%20Puntagorda%20La%20Palma'}]"
Puntallana,La Palma,Turístico,"Mixto, Turístico","8, 9, 10, 11",4,0,3,1,0,111,"[{'alojamiento': 'Casa Rural Doña Herminia', 'alojamiento_tipo': 'Casa Rural', 'alojamiento_url': 'https://www.google.com/maps/search/Casa%20Rural%20Do%C3%B1a%20Herminia%20Puntallana%20La%20Palma'}, {'alojamiento': 'Casa Rural Los Melindros', 'alojamiento_tipo': 'Casa Rural', 'alojamiento_url': 'https://www.google.com/maps/search/Casa%20Rural%20Los%20Melindros%20Puntallana%20La%20Palma'}]","[{'restaurante': 'El Rincón', 'restaurante_tipo': 'Bar-Cafeteria', 'restaurante_url': 'https://www.google.com/maps/search/El%20Rinc%C3%B3n%20Puntallana%20La%20Palma'}, {'restaurante': 'La Unión', 'restaurante_tipo': 'Bar-Cafeteria', 'restaurante_url': 'https://www.google.com/maps/search/La%20Uni%C3%B3n%20Puntallana%20La%20Palma'}]","[{'playa': 'Playa de Nogales', 'playa_url': 'https://www.google.com/maps/search/Playa%20Playa%20de%20Nogales%20Puntallana%20La%20Palma'}]"
Pajara,Fuerteventura,Local,"Local, Mixto, Turístico","4, 8, 12, 15, 19, 21, 29, 30, 31, 32, 33, 34, 35, 37, 38, 42, 44, 48, 49, 50, 51, 52, 53, 54, 63, 66, 67, 68, 72, 73, 74, 79, 80, 81",34,22,6,6,1249,240,"[{'alojamiento': 'HOTEL MELIA FUERTEVENTURA', 'alojamiento_tipo': 'Hotel', 'alojamiento_url': 'https://www.google.com/maps/search/HOTEL%20MELIA%20FUERTEVENTURA%20P%C3%A1jara%20Fuerteventura'}, {'alojamiento': 'HOTEL ROBINSON CLUB JANDIA PLAYA', 'alojamiento_tipo': 'Hotel', 'alojamiento_url': 'https://www.google.com/maps/search/HOTEL%20ROBINSON%20CLUB%20JANDIA%20PLAYA%20P%C3%A1jara%20Fuerteventura'}]","[{'restaurante': 'Club Marabu', 'restaurante_tipo': 'Bar-Cafeteria', 'restaurante_url': 'https://www.google.com/maps/search/Club%20Marabu%20P%C3%A1jara%20Fuerteventura'}, {'restaurante': 'Tio Pepe', 'restaurante_tipo': 'Bar-Cafeteria', 'restaurante_url': 'https://www.google.com/maps/search/Tio%20Pepe%20P%C3%A1jara%20Fuerteventura'}]","[{'playa': 'Playa de Sotavento de Jandía', 'playa_url': 'https://www.google.com/maps/search/Playa%20Playa%20de%20Sotavento%20de%20Jand%C3%ADa%20P%C3%A1jara%20Fuerteventura'}, {'playa': 'Playa Tierra Dorada', 'playa_url': 'https://www.google.com/maps/search/Playa%20Playa%20Tierra%20Dorada%20P%C3%A1jara%20Fuerteventura'}, {'playa': 'Playa del Matorral', 'playa_url': 'https://www.google.com/maps/search/Playa%20Playa%20del%20Matorral%20P%C3%A1jara%20Fuerteventura'}, {'playa': 'Playa de Cofete', 'playa_url': 'https://www.google.com/maps/search/Playa%20Playa%20de%20Cofete%20P%C3%A1jara%20Fuerteventura'}, {'playa': 'Playa del Viejo Reyes', 'playa_url': 'https://www.google.com/maps/search/Playa%20Playa%20del%20Viejo%20Reyes%20P%C3%A1jara%20Fuerteventura'}, {'playa': 'Playa de Costa Calma', 'playa_url': 'https://www.google.com/maps/search/Playa%20Playa%20de%20Costa%20Calma%20P%C3%A1jara%20Fuerteventura'}]"
San Andres Y Sauces,La Palma,Turístico,"Local, Mixto, Turístico","3, 9, 11, 12, 14, 15",6,1,2,3,61,81,"[{'alojamiento': 'PENSION LAS LONJAS', 'alojamiento_tipo': 'Hotel', 'alojamiento_url': 'https://www.google.com/maps/search/PENSION%20LAS%20LONJAS%20San%20Andr%C3%A9s%20y%20Sauces%20La%20Palma'}, {'alojamiento': 'PENSION RESIDENCIA EL DRAGO', 'alojamiento_tipo': 'Hotel', 'alojamiento_url': 'https://www.google.com/maps/search/PENSION%20RESIDENCIA%20EL%20DRAGO%20San%20Andr%C3%A9s%20y%20Sauces%20La%20Palma'}]","[{'restaurante': 'Del Puerto', 'restaurante_tipo': 'Bar-Cafeteria', 'restaurante_url': 'https://www.google.com/maps/search/Del%20Puerto%20San%20Andres%20Y%20Sauces%20La%20Palma'}, {'restaurante': 'Miami', 'restaurante_tipo': 'Bar-Cafeteria', 'restaurante_url': 'https://www.google.com/maps/search/Miami%20San%20Andres%20Y%20Sauces%20La%20Palma'}]","[{'playa': 'Charco Azul', 'playa_url': 'https://www.google.com/maps/search/Playa%20Charco%20Azul%20San%20Andr%C3%A9s%20y%20Sauces%20La%20Palma'}, {'playa': 'Playa Puerto Espíndola', 'playa_url': 'https://www.google.com/maps/search/Playa%20Playa%20Puerto%20Esp%C3%ADndola%20San%20Andr%C3%A9s%20y%20Sauces%20La%20Palma'}]"
San Bartolome,Lanzarote,Local,"Local, Mixto, Turístico","19, 26, 45, 47, 48, 107, 109, 114, 123, 165",10,5,4,1,337,166,"[{'alojamiento': 'HOTEL RURAL FINCA DE LA FLORIDA', 'alojamiento_tipo': 'Hotel Rural', 'alojamiento_url': 'https://www.google.com/maps/search/HOTEL%20RURAL%20FINCA%20DE%20LA%20FLORIDA%20San%20Bartolom%C3%A9%20Lanzarote'}]","[{'restaurante': 'Cazadores, Los', 'restaurante_tipo': 'Bar-Cafeteria', 'restaurante_url': 'https://www.google.com/maps/search/Cazadores%2C%20Los%20San%20Bartolome%20Lanzarote'}, {'restaurante': 'Leon', 'restaurante_tipo': 'Bar-Cafeteria', 'restaurante_url': 'https://www.google.com/maps/search/Leon%20San%20Bartolome%20Lanzarote'}]",
San Bartolome De Tirajana,Gran Canaria,Turístico,"Mixto, Turístico","38, 41, 42, 75, 89, 113",6,0,5,1,0,362,"[{'alojamiento': 'HOTEL COSTA CANARIA & SPA.', 'alojamiento_tipo': 'Hotel', 'alojamiento_url': 'https://www.google.com/maps/search/HOTEL%20COSTA%20CANARIA%20%26%20SPA.%20San%20Bartolom%C3%A9%20de%20Tirajana%20Gran%20Canaria'}, {'alojamiento': 'HOTEL NEW FOLIAS', 'alojamiento_tipo': 'Hotel', 'alojamiento_url': 'https://www.google.com/maps/search/HOTEL%20NEW%20FOLIAS%20San%20Bartolom%C3%A9%20de%20Tirajana%20Gran%20Canaria'}]","[{'restaurante': 'Cafetin, El', 'restaurante_tipo': 'Bar-Cafeteria', 'restaurante_url': 'https://www.google.com/maps/search/Cafetin%2C%20El%20San%20Bartolome%20De%20Tirajana%20Gran%20Canaria'}, {'restaurante': 'Garage, El', 'restaurante_tipo': 'Bar-Cafeteria', 'restaurante_url': 'https://www.google.com/maps/search/Garage%2C%20El%20San%20Bartolome%20De%20Tirajana%20Gran%20Canaria'}]","[{'playa': 'San Agustín', 'playa_url': 'https://www.google.com/maps/search/Playa+de+San+Agustín+San+Bartolomé+de+Tirajana+Gran+Canaria'}, {'playa': 'Playa del Inglés', 'playa_url': 'https://www.google.com/maps/search/Playa+del+Inglés+San+Bartolomé+de+Tirajana+Gran+Canaria'}, {'playa': 'Maspalomas', 'playa_url': 'https://www.google.com/maps/search/Playa+de+Maspalomas+San+Bartolomé+de+Tirajana+Gran+Canaria'}]"
San Miguel De Abona,Tenerife,Turístico,"Mixto, Turístico","33, 58, 86",3,0,2,1,0,106,"[{'alojamiento': '11 HOLIDAY HOMES', 'alojamiento_tipo': 'Apartamento', 'alojamiento_url': 'https://www.google.com/maps/search/11%20HOLIDAY%20HOMES%20SAN%20MIGUEL%20DE%20ABONA%20Tenerife'}, {'alojamiento': 'BAHIA PRINCIPE FANTASIA', 'alojamiento_tipo': 'Hotel', 'alojamiento_url': 'https://www.google.com/maps/search/BAHIA%20PRINCIPE%20FANTASIA%20SAN%20MIGUEL%20DE%20ABONA%20Tenerife'}]","[{'restaurante': 'ALBATROS', 'restaurante_tipo': 'Restaurante', 'restaurante_url': 'https://www.google.com/maps/search/ALBATROS%20SAN%20MIGUEL%20DE%20ABONA%20Tenerife'}, {'restaurante': 'MORADITAS, LAS', 'restaurante_tipo': 'Restaurante', 'restaurante_url': 'https://www.google.com/maps/search/MORADITAS%2C%20LAS%20SAN%20MIGUEL%20DE%20ABONA%20Tenerife'}]",
San Sebastian De La Gomera,La Gomera,Turístico,"Local, Turístico","0, 2, 4, 9, 11, 20, 39, 40, 41, 42, 43, 44",12,2,10,0,309,832,"[{'alojamiento': 'HOTEL JARDIN TECINA', 'alojamiento_tipo': 'Hotel', 'alojamiento_url': 'https://www.google.com/maps/search/HOTEL%20JARDIN%20TECINA%20San%20Sebasti%C3%A1n%20de%20La%20Gomera%20La%20Gomera'}, {'alojamiento': 'PARADOR DE TURISMO CONDE DE LA GOMERA', 'alojamiento_tipo': 'Hotel', 'alojamiento_url': 'https://www.google.com/maps/search/PARADOR%20DE%20TURISMO%20CONDE%20DE%20LA%20GOMERA%20San%20Sebasti%C3%A1n%20de%20La%20Gomera%20La%20Gomera'}]","[{'restaurante': 'La Candelaria', 'restaurante_tipo': 'Bar-Cafeteria', 'restaurante_url': 'https://www.google.com/maps/search/La%20Candelaria%20San%20Sebastian%20De%20La%20Gomera%20La%20Gomera'}, {'restaurante': 'La Pista', 'restaurante_tipo': 'Bar-Cafeteria', 'restaurante_url': 'https://www.google.com/maps/search/La%20Pista%20San%20Sebastian%20De%20La%20Gomera%20La%20Gomera'}]","[{'playa': 'Playa de San Sebastián', 'playa_url': 'https://www.google.com/maps/search/Playa%20Playa%20de%20San%20Sebasti%C3%A1n%20San%20Sebasti%C3%A1n%20de%20La%20Gomera%20La%20Gomera'}, {'playa': 'Playa de La Cueva', 'playa_url': 'https://www.google.com/maps/search/Playa%20Playa%20de%20La%20Cueva%20San%20Sebasti%C3%A1n%20de%20La%20Gomera%20La%20Gomera'}, {'playa': 'Playa de la Guancha', 'playa_url': 'https://www.google.com/maps/search/Playa%20Playa%20de%20la%20Guancha%20San%20Sebasti%C3%A1n%20de%20La%20Gomera%20La%20Gomera'}]"
Santa Brigida,Gran Canaria,Turístico,"Local, Mixto, Turístico","28, 32, 35, 36, 37",5,1,3,1,128,386,"[{'alojamiento': 'HOTEL ESCUELA SANTA BRIGIDA', 'alojamiento_tipo': 'Hotel', 'alojamiento_url': 'https://www.google.com/maps/search/HOTEL%20ESCUELA%20SANTA%20BRIGIDA%20Santa%20Br%C3%ADgida%20Gran%20Canaria'}]","[{'restaurante': 'Pluma', 'restaurante_tipo': 'Bar-Cafeteria', 'restaurante_url': 'https://www.google.com/maps/search/Pluma%20Santa%20Brigida%20Gran%20Canaria'}, {'restaurante': 'Ramal, El', 'restaurante_tipo': 'Bar-Cafeteria', 'restaurante_url': 'https://www.google.com/maps/search/Ramal%2C%20El%20Santa%20Brigida%20Gran%20Canaria'}]",
Santa Cruz De La Palma,La Palma,Turístico,"Mixto, Turístico","11, 21, 50, 52, 53, 65, 76, 77, 79, 103, 104, 105, 106, 107, 108, 109, 110, 111, 112",19,0,17,2,0,1064,"[{'alojamiento': 'HOTEL CASTILLETE', 'alojamiento_tipo': 'Hotel', 'alojamiento_url': 'https://www.google.com/maps/search/HOTEL%20CASTILLETE%20Santa%20Cruz%20de%20La%20Palma%20La%20Palma'}, {'alojamiento': 'PENSION LA CUBANA', 'alojamiento_tipo': 'Hotel', 'alojamiento_url': 'https://www.google.com/maps/search/PENSION%20LA%20CUBANA%20Santa%20Cruz%20de%20La%20Palma%20La%20Palma'}]","[{'restaurante': 'La Esquina', 'restaurante_tipo': 'Bar-Cafeteria', 'restaurante_url': 'https://www.google.com/maps/search/La%20Esquina%20Santa%20Cruz%20De%20La%20Palma%20La%20Palma'}, {'restaurante': 'La Peña', 'restaurante_tipo': 'Bar-Cafeteria', 'restaurante_url': 'https://www.google.com/maps/search/La%20Pe%C3%B1a%20Santa%20Cruz%20De%20La%20Palma%20La%20Palma'}]","[{'playa': 'Playa de Santa Cruz de La Palma', 'playa_url': 'https://www.google.com/maps/search/Playa%20Playa%20de%20Santa%20Cruz%20de%20La%20Palma%20Santa%20Cruz%20de%20La%20Palma%20La%20Palma'}, {'playa': 'Playa de Bajamar', 'playa_url': 'https://www.google.com/maps/search/Playa%20Playa%20de%20Bajamar%20Santa%20Cruz%20de%20La%20Palma%20La%20Palma'}]"
Santa Cruz De Tenerife,Tenerife,Turístico,Turístico,1,1,0,1,0,0,30,"[{'alojamiento': 'EUROSTARS ATLÁNTIDA', 'alojamiento_tipo': 'Hotel', 'alojamiento_url': 'https://www.google.com/maps/search/EUROSTARS%20ATL%C3%81NTIDA%20SANTA%20CRUZ%20DE%20TENERIFE%20Tenerife'}, {'alojamiento': 'ADONIS CAPITAL', 'alojamiento_tipo': 'Hotel', 'alojamiento_url': 'https://www.google.com/maps/search/ADONIS%20CAPITAL%20SANTA%20CRUZ%20DE%20TENERIFE%20Tenerife'}]","[{'restaurante': 'ATLANTICO', 'restaurante_tipo': 'Restaurante', 'restaurante_url': 'https://www.google.com/maps/search/ATLANTICO%20SANTA%20CRUZ%20DE%20TENERIFE%20Tenerife'}, {'restaurante': 'EL BELINGO 2', 'restaurante_tipo': 'Restaurante', 'restaurante_url': 'https://www.google.com/maps/search/EL%20BELINGO%202%20SANTA%20CRUZ%20DE%20TENERIFE%20Tenerife'}]","[{'playa': 'Las Teresitas', 'playa_url': 'https://www.google.com/maps/search/Las%20Teresitas%20Santa%20Cruz%20de%20Tenerife%20Tenerife'}, {'playa': 'Benijo', 'playa_url': 'https://www.google.com/maps/search/Benijo%20Santa%20Cruz%20de%20Tenerife%20Tenerife'}]"
Santa Lucia De Tirajana,Gran Canaria,Turístico,"Mixto, Turístico","0, 14",2,0,1,1,0,31,"[{'alojamiento': 'ELBA VECINDARIO AEROPUERTO', 'alojamiento_tipo': 'Hotel', 'alojamiento_url': 'https://www.google.com/maps/search/ELBA%20VECINDARIO%20AEROPUERTO%20Santa%20Luc%C3%ADa%20de%20Tirajana%20Gran%20Canaria'}, {'alojamiento': 'HOTEL AVENIDA DE CANARIAS', 'alojamiento_tipo': 'Hotel', 'alojamiento_url': 'https://www.google.com/maps/search/HOTEL%20AVENIDA%20DE%20CANARIAS%20Santa%20Luc%C3%ADa%20de%20Tirajana%20Gran%20Canaria'}]","[{'restaurante': 'Sarten, La', 'restaurante_tipo': 'Bar-Cafeteria', 'restaurante_url': 'https://www.google.com/maps/search/Sarten%2C%20La%20Santa%20Lucia%20De%20Tirajana%20Gran%20Canaria'}, {'restaurante': 'Verde', 'restaurante_tipo': 'Bar-Cafeteria', 'restaurante_url': 'https://www.google.com/maps/search/Verde%20Santa%20Lucia%20De%20Tirajana%20Gran%20Canaria'}]","[{'playa': 'El Arenal', 'playa_url': 'https://www.google.com/maps/search/El+Arenal+Santa+Lucía+de+Tirajana+Gran+Canaria'}]"
Santa Maria De Guia,Gran Canaria,Local,"Local, Turístico","6, 7, 11, 66, 82",5,3,2,0,158,75,"[{'alojamiento': 'Casa Verde de Guía', 'alojamiento_tipo': 'Casa Rural', 'alojamiento_url': 'https://www.google.com/maps/search/Casa%20Verde%20de%20Gu%C3%ADa%20Santa%20Mar%C3%ADa%20de%20Gu%C3%ADa%20Gran%20Canaria'}]","[{'restaurante': '7, El', 'restaurante_tipo': 'Bar-Cafeteria', 'restaurante_url': 'https://www.google.com/maps/search/7%2C%20El%20Santa%20Maria%20De%20Guia%20De%20Gran%20Canaria%20Gran%20Canaria'}, {'restaurante': 'La Tasquita De Mateo', 'restaurante_tipo': 'Bar-Cafeteria', 'restaurante_url': 'https://www.google.com/maps/search/La%20Tasquita%20De%20Mateo%20Santa%20Maria%20De%20Guia%20De%20Gran%20Canaria%20Gran%20Canaria'}]","[{'playa': 'San Felipe', 'playa_url': 'https://www.google.com/maps/search/Playa+San+Felipe+Santa+María+de+Guía+Gran+Canaria'}]"
Santa Ursula,Tenerife,Local,"Local, Turístico","28, 38",2,1,1,0,50,43,"[{'alojamiento': 'Hotel Spa La Quinta Park Suites', 'alojamiento_tipo': 'Hotel', 'alojamiento_url': 'https://www.google.com/maps/search/Hotel%20Spa%20La%20Quinta%20Park%20Suites%20Santa%20Ursula%20Tenerife'}, {'alojamiento': 'Boutique Hotel Mencey', 'alojamiento_tipo': 'Hotel', 'alojamiento_url': 'https://www.google.com/maps/search/Boutique%20Hotel%20Mencey%20Santa%20Ursula%20Tenerife'}]","[{'restaurante': 'SUSO EL PINTOR', 'restaurante_tipo': 'Guachinche', 'restaurante_url': 'https://www.google.com/maps/search/SUSO%20EL%20PINTOR%20SANTA%20URSULA%20Tenerife'}, {'restaurante': 'BODEGON NUEVO PASO', 'restaurante_tipo': 'Restaurante', 'restaurante_url': 'https://www.google.com/maps/search/BODEGON%20NUEVO%20PASO%20SANTA%20URSULA%20Tenerife'}]",
Santiago Del Teide,Tenerife,Turístico,"Local, Mixto, Turístico","24, 26, 56, 57, 59, 66, 67, 75, 80, 89, 90, 95, 97, 98, 108, 109, 117, 118",18,6,9,3,455,468,"[{'alojamiento': 'SUNFLOWER II', 'alojamiento_tipo': 'Apartamento', 'alojamiento_url': 'https://www.google.com/maps/search/SUNFLOWER%20II%20SANTIAGO%20DEL%20TEIDE%20Tenerife'}, {'alojamiento': 'DRAGOS DEL SUR', 'alojamiento_tipo': 'Hotel', 'alojamiento_url': 'https://www.google.com/maps/search/DRAGOS%20DEL%20SUR%20SANTIAGO%20DEL%20TEIDE%20Tenerife'}]","[{'restaurante': ' LA TANA DEL ROSSO', 'restaurante_tipo': 'Restaurante', 'restaurante_url': 'https://www.google.com/maps/search/%20LA%20TANA%20DEL%20ROSSO%20SANTIAGO%20DEL%20TEIDE%20Tenerife'}, {'restaurante': 'TONEL, EL', 'restaurante_tipo': 'Restaurante', 'restaurante_url': 'https://www.google.com/maps/search/TONEL%2C%20EL%20SANTIAGO%20DEL%20TEIDE%20Tenerife'}]","[{'playa': 'Los Guíos', 'playa_url': 'https://www.google.com/maps/search/Los%20Gu%C3%ADos%20Santiago%20del%20Teide%20Tenerife'}]"
Tazacorte,La Palma,Turístico,Turístico,"59, 71, 75, 90",4,0,4,0,0,188,"[{'alojamiento': 'APARTAMENTOS ISA TAZACORTE', 'alojamiento_tipo': 'Apartamentos', 'alojamiento_url': 'https://www.google.com/maps/search/APARTAMENTOS%20ISA%20TAZACORTE%20Tazacorte%20La%20Palma'}, {'alojamiento': 'APARTAMENTOS MORROSOL', 'alojamiento_tipo': 'Apartamentos', 'alojamiento_url': 'https://www.google.com/maps/search/APARTAMENTOS%20MORROSOL%20Tazacorte%20La%20Palma'}]","[{'restaurante': 'Avenida', 'restaurante_tipo': 'Bar-Cafeteria', 'restaurante_url': 'https://www.google.com/maps/search/Avenida%20Tazacorte%20La%20Palma'}, {'restaurante': 'Tigotán', 'restaurante_tipo': 'Bar-Cafeteria', 'restaurante_url': 'https://www.google.com/maps/search/Tigot%C3%A1n%20Tazacorte%20La%20Palma'}]","[{'playa': 'Playa de Tazacorte', 'playa_url': 'https://www.google.com/maps/search/Playa%20Playa%20de%20Tazacorte%20Tazacorte%20La%20Palma'}]"
Teguise,Lanzarote,Local,"Local, Mixto, Turístico","1, 2, 3, 4, 5, 6, 9, 10, 11, 18, 20, 21, 22, 23, 24, 31, 33, 34, 42, 46, 50, 56, 58, 59, 62, 66, 67, 69, 70, 71, 77, 89, 91, 95, 96, 100, 101, 112, 121, 122, 139, 150, 161, 169, 173, 174, 179, 186, 198, 199, 202, 204, 205, 206, 211, 212, 215, 217, 249, 250",60,32,19,9,1741,1489,"[{'alojamiento': 'HOTEL GRAND TEGUISE PLAYA', 'alojamiento_tipo': 'Hotel', 'alojamiento_url': 'https://www.google.com/maps/search/HOTEL%20GRAND%20TEGUISE%20PLAYA%20Teguise%20Lanzarote'}, {'alojamiento': 'MELIA SALINAS - THE GARDEN VILLAS', 'alojamiento_tipo': 'Hotel', 'alojamiento_url': 'https://www.google.com/maps/search/MELIA%20SALINAS%20-%20THE%20GARDEN%20VILLAS%20Teguise%20Lanzarote'}]","[{'restaurante': 'Montaña Clara', 'restaurante_tipo': 'Bar-Cafeteria', 'restaurante_url': 'https://www.google.com/maps/search/Monta%C3%B1a%20Clara%20Teguise%20Lanzarote'}, {'restaurante': 'Rivera', 'restaurante_tipo': 'Bar-Cafeteria', 'restaurante_url': 'https://www.google.com/maps/search/Rivera%20Teguise%20Lanzarote'}]","[{'playa': 'Caleta de Famara', 'playa_url': 'https://www.google.com/maps/search/Playa%20Caleta%20de%20Famara%20Teguise%20Lanzarote'}, {'playa': 'Playa de Los Charcos', 'playa_url': 'https://www.google.com/maps/search/Playa%20Playa%20de%20Los%20Charcos%20Teguise%20Lanzarote'}, {'playa': 'Playa de Las Cucharas', 'playa_url': 'https://www.google.com/maps/search/Playa%20Playa%20de%20Las%20Cucharas%20Teguise%20Lanzarote'}, {'playa': 'Playa del Jablillo', 'playa_url': 'https://www.google.com/maps/search/Playa%20Playa%20del%20Jablillo%20Teguise%20Lanzarote'}, {'playa': 'Playas de Costa Teguise', 'playa_url': 'https://www.google.com/maps/search/Playa%20Playas%20de%20Costa%20Teguise%20Teguise%20Lanzarote'}]"
Tejeda,Gran Canaria,Turístico,"Local, Turístico","3, 75, 87, 88, 91, 97, 113, 115, 117, 118",10,1,9,0,59,643,"[{'alojamiento': 'PARADOR CRUZ DE TEJEDA', 'alojamiento_tipo': 'Hotel', 'alojamiento_url': 'https://www.google.com/maps/search/PARADOR%20CRUZ%20DE%20TEJEDA%20Tejeda%20Gran%20Canaria'}]","[{'restaurante': 'El Cairete', 'restaurante_tipo': 'Bar-Cafeteria', 'restaurante_url': 'https://www.google.com/maps/search/El%20Cairete%20Tejeda%20Gran%20Canaria'}, {'restaurante': 'Sombra Del Nublo', 'restaurante_tipo': 'Bar-Cafeteria', 'restaurante_url': 'https://www.google.com/maps/search/Sombra%20Del%20Nublo%20Tejeda%20Gran%20Canaria'}]",
Telde,Gran Canaria,Local,"Local, Mixto, Turístico","4, 12, 20, 21, 22, 26, 27, 29, 31, 44, 59, 65, 68, 69",14,6,6,2,379,354,"[{'alojamiento': 'HOSTAL ALBACAR', 'alojamiento_tipo': 'Hotel', 'alojamiento_url': 'https://www.google.com/maps/search/HOSTAL%20ALBACAR%20Telde%20Gran%20Canaria'}]","[{'restaurante': ""Punto-Ca'Patricia, El"", 'restaurante_tipo': 'Bar-Cafeteria', 'restaurante_url': 'https://www.google.com/maps/search/Punto-Ca%27Patricia%2C%20El%20Telde%20Gran%20Canaria'}, {'restaurante': 'Sobrino, El', 'restaurante_tipo': 'Bar-Cafeteria', 'restaurante_url': 'https://www.google.com/maps/search/Sobrino%2C%20El%20Telde%20Gran%20Canaria'}]","[{'playa': 'La Garita', 'playa_url': 'https://www.google.com/maps/search/Playa+de+La+Garita+Telde+Gran+Canaria'}, {'playa': 'Melenara', 'playa_url': 'https://www.google.com/maps/search/Playa+de+Melenara+Telde+Gran+Canaria'}, {'playa': 'El Burrero', 'playa_url': 'https://www.google.com/maps/search/Playa+del+Burrero+Telde+Gran+Canaria'}]"
Teror,Gran Canaria,Turístico,"Local, Turístico","60, 76, 77, 78",4,1,3,0,115,263,"[{'alojamiento': 'Hotel El Pino', 'alojamiento_tipo': 'Hotel', 'alojamiento_url': 'https://www.google.com/maps/search/Hotel%20El%20Pino%20Teror%20Gran%20Canaria'}]","[{'restaurante': 'Bar Paco', 'restaurante_tipo': 'Bar-Cafeteria', 'restaurante_url': 'https://www.google.com/maps/search/Bar%20Paco%20Teror%20Gran%20Canaria'}, {'restaurante': 'Nuevo Iris', 'restaurante_tipo': 'Bar-Cafeteria', 'restaurante_url': 'https://www.google.com/maps/search/Nuevo%20Iris%20Teror%20Gran%20Canaria'}]",
Tijarafe,La Palma,Turístico,"Local, Mixto, Turístico","13, 42, 48, 56, 57, 58, 61, 63, 64, 72, 84, 85, 93, 94",14,1,12,1,43,1031,"[{'alojamiento': 'APARTAMENTOS VISTA HERMOSA I', 'alojamiento_tipo': 'Apartamentos', 'alojamiento_url': 'https://www.google.com/maps/search/APARTAMENTOS%20VISTA%20HERMOSA%20I%20Tijarafe%20La%20Palma'}]","[{'restaurante': 'Alberto', 'restaurante_tipo': 'Bar-Cafeteria', 'restaurante_url': 'https://www.google.com/maps/search/Alberto%20Tijarafe%20La%20Palma'}, {'restaurante': 'Canarias', 'restaurante_tipo': 'Bar-Cafeteria', 'restaurante_url': 'https://www.google.com/maps/search/Canarias%20Tijarafe%20La%20Palma'}]","[{'playa': 'Playa de La Veta', 'playa_url': 'https://www.google.com/maps/search/Playa%20Playa%20de%20La%20Veta%20Tijarafe%20La%20Palma'}, {'playa': 'Porís de Candelaria', 'playa_url': 'https://www.google.com/maps/search/Playa%20Por%C3%ADs%20de%20Candelaria%20Tijarafe%20La%20Palma'}]"
Tinajo,Lanzarote,Turístico,"Local, Mixto, Turístico","0, 17, 41, 64, 75, 76, 90, 94, 98, 99, 144, 166, 167, 172, 175, 176, 181, 184, 192, 193, 208, 209",22,6,11,5,227,625,"[{'alojamiento': 'HOTEL APART. CLUB LA SANTA', 'alojamiento_tipo': 'Hotel', 'alojamiento_url': 'https://www.google.com/maps/search/HOTEL%20APART.%20CLUB%20LA%20SANTA%20Tinajo%20Lanzarote'}]","[{'restaurante': 'Pepe', 'restaurante_tipo': 'Bar-Cafeteria', 'restaurante_url': 'https://www.google.com/maps/search/Pepe%20Tinajo%20Lanzarote'}, {'restaurante': 'Volcan, El', 'restaurante_tipo': 'Bar-Cafeteria', 'restaurante_url': 'https://www.google.com/maps/search/Volcan%2C%20El%20Tinajo%20Lanzarote'}]","[{'playa': 'La Santa', 'playa_url': 'https://www.google.com/maps/search/Playa%20La%20Santa%20Tinajo%20Lanzarote'}, {'playa': 'El Golfo', 'playa_url': 'https://www.google.com/maps/search/Playa%20El%20Golfo%20Tinajo%20Lanzarote'}]"
Tuineje,Fuerteventura,Local,"Local, Mixto, Turístico","0, 1, 2, 5, 6, 7, 14, 15, 36, 45, 46",11,6,3,2,366,116,"[{'alojamiento': 'HOTEL R2 BAHIA PLAYA', 'alojamiento_tipo': 'Hotel', 'alojamiento_url': 'https://www.google.com/maps/search/HOTEL%20R2%20BAHIA%20PLAYA%20Tuineje%20Fuerteventura'}, {'alojamiento': 'PENSION TAMONANTE', 'alojamiento_tipo': 'Hotel', 'alojamiento_url': 'https://www.google.com/maps/search/PENSION%20TAMONANTE%20Tuineje%20Fuerteventura'}]","[{'restaurante': 'Olas Del Sur', 'restaurante_tipo': 'Bar-Cafeteria', 'restaurante_url': 'https://www.google.com/maps/search/Olas%20Del%20Sur%20Tuineje%20Fuerteventura'}, {'restaurante': 'Peña', 'restaurante_tipo': 'Bar-Cafeteria', 'restaurante_url': 'https://www.google.com/maps/search/Pe%C3%B1a%20Tuineje%20Fuerteventura'}]","[{'playa': 'Playa de Las Playitas', 'playa_url': 'https://www.google.com/maps/search/Playa%20Playa%20de%20Las%20Playitas%20Tuineje%20Fuerteventura'}, {'playa': 'Playa de Gran Tarajal', 'playa_url': 'https://www.google.com/maps/search/Playa%20Playa%20de%20Gran%20Tarajal%20Tuineje%20Fuerteventura'}]"
Tias,Lanzarote,Local,"Local, Mixto, Turístico","15, 16, 19, 29, 43, 44, 81, 105, 108, 165, 180, 188, 197, 207, 210, 213, 214, 216, 218, 219, 223, 224, 226, 227, 228, 229, 230, 232, 233, 234, 235, 236, 237, 238, 239, 240, 241, 242, 243, 244, 245, 246, 247, 248, 252, 253, 256, 257, 258",49,21,12,16,1273,569,"[{'alojamiento': 'HOTEL LOS FARIONES', 'alojamiento_tipo': 'Hotel', 'alojamiento_url': 'https://www.google.com/maps/search/HOTEL%20LOS%20FARIONES%20T%C3%ADas%20Lanzarote'}, {'alojamiento': 'PLUS FARIONES SUITE HOTEL', 'alojamiento_tipo': 'Hotel', 'alojamiento_url': 'https://www.google.com/maps/search/PLUS%20FARIONES%20SUITE%20HOTEL%20T%C3%ADas%20Lanzarote'}]","[{'restaurante': 'Campesinos, Los', 'restaurante_tipo': 'Bar-Cafeteria', 'restaurante_url': 'https://www.google.com/maps/search/Campesinos%2C%20Los%20Tias%20Lanzarote'}, {'restaurante': 'San Gines', 'restaurante_tipo': 'Bar-Cafeteria', 'restaurante_url': 'https://www.google.com/maps/search/San%20Gines%20Tias%20Lanzarote'}]","[{'playa': 'Playa Grande', 'playa_url': 'https://www.google.com/maps/search/Playa%20Playa%20Grande%20T%C3%ADas%20Lanzarote'}, {'playa': 'Playa Chica', 'playa_url': 'https://www.google.com/maps/search/Playa%20Playa%20Chica%20T%C3%ADas%20Lanzarote'}, {'playa': 'Playa Pocillos', 'playa_url': 'https://www.google.com/maps/search/Playa%20Playa%20Pocillos%20T%C3%ADas%20Lanzarote'}, {'playa': 'Playa de Matagorda', 'playa_url': 'https://www.google.com/maps/search/Playa%20Playa%20de%20Matagorda%20T%C3%ADas%20Lanzarote'}]"
Valle Gran Rey,La Gomera,Turístico,Turístico,"18, 26, 27, 30, 33, 34, 35, 36, 37, 38",10,0,10,0,0,907,"[{'alojamiento': 'HOTEL CANDELARIA', 'alojamiento_tipo': 'Hotel', 'alojamiento_url': 'https://www.google.com/maps/search/HOTEL%20CANDELARIA%20Valle%20Gran%20Rey%20La%20Gomera'}, {'alojamiento': 'HOTEL GRAN REY', 'alojamiento_tipo': 'Hotel', 'alojamiento_url': 'https://www.google.com/maps/search/HOTEL%20GRAN%20REY%20Valle%20Gran%20Rey%20La%20Gomera'}]","[{'restaurante': 'Edén Libre', 'restaurante_tipo': 'Bar-Cafeteria', 'restaurante_url': 'https://www.google.com/maps/search/Ed%C3%A9n%20Libre%20Valle%20Gran%20Rey%20La%20Gomera'}, {'restaurante': 'La Parada', 'restaurante_tipo': 'Bar-Cafeteria', 'restaurante_url': 'https://www.google.com/maps/search/La%20Parada%20Valle%20Gran%20Rey%20La%20Gomera'}]","[{'playa': 'Playa de Vueltas', 'playa_url': 'https://www.google.com/maps/search/Playa%20Playa%20de%20Vueltas%20Valle%20Gran%20Rey%20La%20Gomera'}, {'playa': 'Playa de La Calera', 'playa_url': 'https://www.google.com/maps/search/Playa%20Playa%20de%20La%20Calera%20Valle%20Gran%20Rey%20La%20Gomera'}, {'playa': 'Playa del Inglés', 'playa_url': 'https://www.google.com/maps/search/Playa%20Playa%20del%20Ingl%C3%A9s%20Valle%20Gran%20Rey%20La%20Gomera'}]"
Vallehermoso,La Gomera,Turístico,"Local, Turístico","1, 3, 6, 7, 15, 18, 19, 27, 28, 29, 31, 32, 37",13,2,11,0,133,902,"[{'alojamiento': 'HOTEL ARGAYALL', 'alojamiento_tipo': 'Hotel', 'alojamiento_url': 'https://www.google.com/maps/search/HOTEL%20ARGAYALL%20Vallehermoso%20La%20Gomera'}, {'alojamiento': 'HOTEL SONIA', 'alojamiento_tipo': 'Hotel', 'alojamiento_url': 'https://www.google.com/maps/search/HOTEL%20SONIA%20Vallehermoso%20La%20Gomera'}]","[{'restaurante': 'Los Mocanes', 'restaurante_tipo': 'Bar-Cafeteria', 'restaurante_url': 'https://www.google.com/maps/search/Los%20Mocanes%20Vallehermoso%20La%20Gomera'}, {'restaurante': 'Luisa', 'restaurante_tipo': 'Bar-Cafeteria', 'restaurante_url': 'https://www.google.com/maps/search/Luisa%20Vallehermoso%20La%20Gomera'}]","[{'playa': 'Playa de Vallehermoso', 'playa_url': 'https://www.google.com/maps/search/Playa%20Playa%20de%20Vallehermoso%20Vallehermoso%20La%20Gomera'}, {'playa': 'Playa de Alojera', 'playa_url': 'https://www.google.com/maps/search/Playa%20Playa%20de%20Alojera%20Vallehermoso%20La%20Gomera'}, {'playa': 'Playa de La Rajita', 'playa_url': 'https://www.google.com/maps/search/Playa%20Playa%20de%20La%20Rajita%20Vallehermoso%20La%20Gomera'}]"
Valleseco,Gran Canaria,Turístico,"Local, Turístico","60, 71, 94",3,1,2,0,30,76,"[{'alojamiento': 'La Casita de Abuela Paula', 'alojamiento_tipo': 'Casa Rural', 'alojamiento_url': 'https://www.google.com/maps/search/La%20Casita%20de%20Abuela%20Paula%20Valleseco%20Gran%20Canaria'}]","[{'restaurante': 'La Herradura', 'restaurante_tipo': 'Bar-Cafeteria', 'restaurante_url': 'https://www.google.com/maps/search/La%20Herradura%20Valleseco%20Gran%20Canaria'}, {'restaurante': 'Mi Cielo', 'restaurante_tipo': 'Bar-Cafeteria', 'restaurante_url': 'https://www.google.com/maps/search/Mi%20Cielo%20Valleseco%20Gran%20Canaria'}]",
Valsequillo,Gran Canaria,Local,"Local, Turístico","4, 29, 73",3,2,1,0,132,74,"[{'alojamiento': 'La Vedette Villa Margarita', 'alojamiento_tipo': 'Villa vacacional', 'alojamiento_url': 'https://www.google.com/maps/search/La%20Vedette%20Villa%20Margarita%20Valsequillo%20Gran%20Canaria'}]","[{'restaurante': 'Cañas, Las', 'restaurante_tipo': 'Bar-Cafeteria', 'restaurante_url': 'https://www.google.com/maps/search/Ca%C3%B1as%2C%20Las%20Valsequillo%20De%20Gran%20Canaria%20Gran%20Canaria'}, {'restaurante': 'Corderita, La', 'restaurante_tipo': 'Bar-Cafeteria', 'restaurante_url': 'https://www.google.com/maps/search/Corderita%2C%20La%20Valsequillo%20De%20Gran%20Canaria%20Gran%20Canaria'}]",
Valverde,El Hierro,Turístico,"Local, Turístico","0, 3, 4, 5, 6, 13, 16, 17, 18, 19",10,1,9,0,44,464,"[{'alojamiento': 'HOTEL BOOMERANG', 'alojamiento_tipo': 'Hotel', 'alojamiento_url': 'https://www.google.com/maps/search/HOTEL%20BOOMERANG%20Valverde%20El%20Hierro'}, {'alojamiento': 'PARADOR DE TURISMO DE EL HIERRO', 'alojamiento_tipo': 'Hotel', 'alojamiento_url': 'https://www.google.com/maps/search/PARADOR%20DE%20TURISMO%20DE%20EL%20HIERRO%20Valverde%20El%20Hierro'}, {'alojamiento': 'PENSION CASAŃAS', 'alojamiento_tipo': 'Hotel', 'alojamiento_url': 'https://www.google.com/maps/search/PENSION%20CASA%C5%83AS%20Valverde%20El%20Hierro'}]","[{'restaurante': 'Disco-Pub ""La Lonja""', 'restaurante_tipo': 'Bar-Cafeteria', 'restaurante_url': 'https://www.google.com/maps/search/Disco-Pub%20%22La%20Lonja%22%20Valverde%20El%20Hierro'}, {'restaurante': 'Los Reyes', 'restaurante_tipo': 'Bar-Cafeteria', 'restaurante_url': 'https://www.google.com/maps/search/Los%20Reyes%20Valverde%20El%20Hierro'}, {'restaurante': 'Manila', 'restaurante_tipo': 'Bar-Cafeteria', 'restaurante_url': 'https://www.google.com/maps/search/Manila%20Valverde%20El%20Hierro'}]","[{'playa': 'Playa de Timijiraque', 'playa_url': 'https://www.google.com/maps/search/Playa%20Playa%20de%20Timijiraque%20Valverde%20El%20Hierro'}, {'playa': 'Tamaduste', 'playa_url': 'https://www.google.com/maps/search/Playa%20Tamaduste%20Valverde%20El%20Hierro'}, {'playa': 'La Caleta', 'playa_url': 'https://www.google.com/maps/search/Playa%20La%20Caleta%20Valverde%20El%20Hierro'}]"
Vega De San Mateo,Gran Canaria,Turístico,"Local, Turístico","73, 74, 75, 87, 97",5,2,3,0,142,293,"[{'alojamiento': 'Casa Rural El Pajar de Miguel Velázquez', 'alojamiento_tipo': 'Casa Rural', 'alojamiento_url': 'https://www.google.com/maps/search/Casa%20Rural%20El%20Pajar%20de%20Miguel%20Vel%C3%A1zquez%20Vega%20de%20San%20Mateo%20Gran%20Canaria'}, {'alojamiento': 'Hotel Rural Las Calas', 'alojamiento_tipo': 'Hotel Rural', 'alojamiento_url': 'https://www.google.com/maps/search/Hotel%20Rural%20Las%20Calas%20Vega%20de%20San%20Mateo%20Gran%20Canaria'}]","[{'restaurante': 'Mallow', 'restaurante_tipo': 'Bar-Cafeteria', 'restaurante_url': 'https://www.google.com/maps/search/Mallow%20Vega%20San%20Mateo%20Gran%20Canaria'}, {'restaurante': 'Marrero', 'restaurante_tipo': 'Bar-Cafeteria', 'restaurante_url': 'https://www.google.com/maps/search/Marrero%20Vega%20San%20Mateo%20Gran%20Canaria'}]",
Vilaflor,Tenerife,Turístico,Turístico,"70, 76, 83, 84",4,0,4,0,0,267,"[{'alojamiento': 'VILLALBA', 'alojamiento_tipo': 'Hotel', 'alojamiento_url': 'https://www.google.com/maps/search/VILLALBA%20VILAFLOR%20Tenerife'}, {'alojamiento': 'EL TEJAR & SPA', 'alojamiento_tipo': 'Hotel', 'alojamiento_url': 'https://www.google.com/maps/search/EL%20TEJAR%20%26%20SPA%20VILAFLOR%20Tenerife'}]","[{'restaurante': 'MIRADOR, EL', 'restaurante_tipo': 'Restaurante', 'restaurante_url': 'https://www.google.com/maps/search/MIRADOR%2C%20EL%20VILAFLOR%20Tenerife'}, {'restaurante': 'MOLINOS, LOS', 'restaurante_tipo': 'Restaurante', 'restaurante_url': 'https://www.google.com/maps/search/MOLINOS%2C%20LOS%20VILAFLOR%20Tenerife'}]",
Villa De Mazo,La Palma,Turístico,"Mixto, Turístico","17, 35, 36, 37, 40, 49",6,0,5,1,0,357,"[{'alojamiento': 'HOTEL ARMINDA', 'alojamiento_tipo': 'Hotel', 'alojamiento_url': 'https://www.google.com/maps/search/HOTEL%20ARMINDA%20Villa%20de%20Mazo%20La%20Palma'}]","[{'restaurante': 'Central', 'restaurante_tipo': 'Bar-Cafeteria', 'restaurante_url': 'https://www.google.com/maps/search/Central%20Villa%20De%20Mazo%20La%20Palma'}, {'restaurante': 'Puente Roto', 'restaurante_tipo': 'Bar-Cafeteria', 'restaurante_url': 'https://www.google.com/maps/search/Puente%20Roto%20Villa%20De%20Mazo%20La%20Palma'}]","[{'playa': 'Playa de La Salemera', 'playa_url': 'https://www.google.com/maps/search/Playa%20Playa%20de%20La%20Salemera%20Villa%20de%20Mazo%20La%20Palma'}]"
Yaiza,Lanzarote,Local,"Local, Mixto, Turístico","32, 39, 54, 55, 60, 61, 63, 68, 72, 73, 83, 84, 85, 88, 92, 93, 97, 103, 104, 106, 110, 111, 113, 115, 119, 120, 124, 125, 126, 128, 129, 133, 134, 135, 136, 137, 138, 140, 141, 142, 143, 145, 146, 147, 151, 152, 154, 155, 156, 157, 158, 168, 177, 182, 183, 185, 187, 189, 190, 194, 195, 203, 231, 255, 259, 260, 263, 264, 268, 269, 270, 271, 272, 273, 274, 275, 276, 277, 278, 279, 280, 281, 282, 283, 284, 285, 286, 287, 288, 289, 290, 291",92,66,16,10,4571,864,"[{'alojamiento': 'HOTEL ELBA LANZAROTE ROYAL VILLAGE', 'alojamiento_tipo': 'Hotel', 'alojamiento_url': 'https://www.google.com/maps/search/HOTEL%20ELBA%20LANZAROTE%20ROYAL%20VILLAGE%20Yaiza%20Lanzarote'}, {'alojamiento': 'HOTEL MYND YAIZA', 'alojamiento_tipo': 'Hotel', 'alojamiento_url': 'https://www.google.com/maps/search/HOTEL%20MYND%20YAIZA%20Yaiza%20Lanzarote'}]","[{'restaurante': 'Bar Stop', 'restaurante_tipo': 'Bar-Cafeteria', 'restaurante_url': 'https://www.google.com/maps/search/Bar%20Stop%20Yaiza%20Lanzarote'}, {'restaurante': 'Marisco, El', 'restaurante_tipo': 'Bar-Cafeteria', 'restaurante_url': 'https://www.google.com/maps/search/Marisco%2C%20El%20Yaiza%20Lanzarote'}]","[{'playa': 'Playa Blanca', 'playa_url': 'https://www.google.com/maps/search/Playa%20Playa%20Blanca%20Yaiza%20Lanzarote'}, {'playa': 'Playa Flamingo', 'playa_url': 'https://www.google.com/maps/search/Playa%20Playa%20Flamingo%20Yaiza%20Lanzarote'}, {'playa': 'Playa Dorada', 'playa_url': 'https://www.google.com/maps/search/Playa%20Playa%20Dorada%20Yaiza%20Lanzarote'}, {'playa': 'Playa Papagayo', 'playa_url': 'https://www.google.com/maps/search/Playa%20Playa%20Papagayo%20Yaiza%20Lanzarote'}, {'playa': 'Playa Mujeres', 'playa_url': 'https://www.google.com/maps/search/Playa%20Playa%20Mujeres%20Yaiza%20Lanzarote'}, {'playa': 'Playa del Pozo', 'playa_url': 'https://www.google.com/maps/search/Playa%20Playa%20del%20Pozo%20Yaiza%20Lanzarote'}, {'playa': 'Playa de las Coloradas', 'playa_url': 'https://www.google.com/maps/search/Playa%20Playa%20de%20las%20Coloradas%20Yaiza%20Lanzarote'}, {'playa': 'Playa Quemada', 'playa_url': 'https://www.google.com/maps/search/Playa%20Playa%20Quemada%20Yaiza%20Lanzarote'}]"
