municipio,isla,etiqueta_cluster,tipos_presentes,clusters_ids,n_clusters,n_clusters_locales,n_clusters_turisticos,n_clusters_mixtos,n_fotos_local,n_fotos_turistico
Adeje,Tenerife,Local,"Local, Turístico","51, 65, 68, 93, 125, 138, 139, 141, 142, 143, 152, 153, 158, 159, 160, 161, 166, 175, 176, 193, 196, 197, 198, 200, 201, 206, 209, 210, 215, 216, 217, 218, 219",33,15,17,1,1156,1076
Agaete,Gran Canaria,Turístico,"Local, Turístico","61, 62, 64, 70, 72, 84, 85, 86, 102, 103, 104",11,2,6,3,142,341
Agulo,La Gomera,Turístico,"Local, Turístico","10, 13, 14, 16, 17, 21, 22",7,1,5,1,35,337
Agüimes,Gran Canaria,Turístico,"Local, Turístico","0, 1, 2, 13, 15, 16, 18, 19, 23, 29",10,1,7,2,72,452
Alajeró,La Gomera,Local,"Local, Turístico","0, 1, 7",3,2,1,0,268,91
Antigua,Fuerteventura,Turístico,"Local, Turístico","9, 10, 14, 18, 24, 25, 47, 55, 56, 57, 58, 59, 71, 76, 77, 83, 86, 87, 88, 89, 90, 91, 92, 93, 94, 95, 96, 97, 98, 99, 102, 103",32,5,25,2,318,905
Arafo,Tenerife,Local,Local,6,1,1,0,0,33,0
Arico,Tenerife,Turístico,Turístico,"10, 11, 12, 15, 16, 17, 18",7,0,6,1,0,367
Arona,Tenerife,Turístico,"Local, Turístico","33, 34, 48, 55, 60, 61, 62, 63, 64, 70, 74, 77, 78, 85, 92, 94, 134, 137, 144, 150, 151, 154, 155, 162, 164, 168, 169, 177, 178, 179, 188, 189, 190, 191, 192, 201, 202, 203, 204, 205, 208, 211, 212",43,7,30,6,604,2147
Arrecife,Lanzarote,Turístico,"Local, Turístico","78, 86, 87, 116, 117, 118, 132, 159, 162, 163, 164, 178, 191, 196, 200, 201, 220, 221, 222, 225, 251, 254, 261, 262, 265, 266, 267",27,1,23,3,58,1547
Artenara,Gran Canaria,Turístico,Turístico,"3, 81",2,0,2,0,0,112
Arucas,Gran Canaria,Turístico,Turístico,"39, 56, 63, 83, 90, 92, 93",7,0,7,0,0,404
Barlovento,La Palma,Turístico,Turístico,"4, 5",2,0,2,0,0,97
Betancuria,Fuerteventura,Turístico,"Local, Turístico","26, 39, 40, 49, 60, 63, 64, 100, 101",9,2,6,1,101,281
Breña Alta,La Palma,Turístico,Turístico,"0, 47, 65, 66",4,0,4,0,0,280
Breña Baja,La Palma,Turístico,Turístico,"40, 47, 73, 74, 78, 80, 81, 82, 83",9,0,9,0,0,448
Buenavista del Norte,Tenerife,Local,"Local, Turístico","36, 43, 45, 46, 50, 54, 71, 87, 95, 101, 102, 103, 116, 120, 121",15,6,7,2,483,444
Candelaria,Tenerife,Turístico,Turístico,4,1,0,1,0,0,179
El Paso,La Palma,Turístico,Turístico,"11, 18, 20, 24, 25, 26, 28, 49, 51, 54, 55, 60, 62, 67, 68, 69, 70, 88, 89",19,0,16,3,0,1172
El Rosario,Tenerife,Turístico,Turístico,"1, 2",2,0,2,0,0,96
El Sauzal,Tenerife,Turístico,Turístico,"20, 21, 22",3,0,2,1,0,141
Tanque,Tenerife,Local,"Local, Turístico","24, 59",2,1,1,0,115,63
Fasnia,Tenerife,Turístico,Turístico,"0, 27",2,0,2,0,0,157
Firgas,Gran Canaria,Turístico,"Local, Turístico","96, 100, 101",3,2,1,0,74,240
Frontera,El Hierro,Turístico,Turístico,"1, 2, 3, 7, 8, 9, 10, 11, 12, 14, 15, 18, 19, 20, 21, 22, 23, 24",18,0,18,0,0,1128
Fuencaliente de La Palma,La Palma,Turístico,Turístico,"22, 23, 29, 32, 37, 38, 39",7,0,7,0,0,428
Garachico,Tenerife,Turístico,"Local, Turístico","13, 14, 24",3,1,2,0,115,453
Garafía,La Palma,Turístico,"Local, Turístico","2, 6, 7, 16, 19, 25, 26, 27, 28, 31, 33, 34, 44",13,3,10,0,124,858
Granadilla de Abona,Tenerife,Turístico,"Local, Turístico","8, 32, 33, 47, 69, 72, 81, 82, 91, 104, 105, 106, 119, 128, 129",15,1,11,3,60,719
Guía de Isora,Tenerife,Turístico,"Local, Turístico","23, 26, 49, 52, 53, 73, 79, 107",8,2,5,1,124,326
Gáldar,Gran Canaria,Local,"Local, Turístico","5, 8, 9, 10, 11, 24, 25, 64, 82",9,4,5,0,245,222
Güímar,Tenerife,Turístico,"Local, Turístico","3, 5, 7, 27",4,1,2,1,47,205
Haría,Lanzarote,Local,"Local, Turístico","5, 7, 8, 12, 13, 14, 25, 27, 30, 37, 38, 49, 52, 53, 74, 79, 80, 82, 102, 130, 131, 148, 149, 153, 160, 170, 171",27,11,9,7,814,715
Hermigua,La Gomera,Turístico,"Local, Turístico","5, 8, 12, 16, 17, 20, 23, 24, 25",9,1,7,1,35,584
Icod de los Vinos,Tenerife,Turístico,Turístico,"35, 39, 40",3,0,2,1,0,104
Ingenio,Gran Canaria,Local,"Local, Turístico","16, 17, 23, 26, 29, 30, 33, 43, 45, 46, 49, 50, 51, 52",14,6,6,2,526,360
La Oliva,Fuerteventura,Turístico,Turístico,"17, 22, 23, 27, 28",5,0,5,0,0,211
La Orotava,Tenerife,Turístico,"Local, Turístico","25, 27, 29, 30, 31, 37, 38, 73, 88, 96, 100, 110, 111, 112, 113, 114, 115, 119, 122, 123, 126, 127, 130, 132, 133, 135, 136, 140, 146, 147, 148",31,3,13,15,169,1010
Las Palmas de Gran Canaria,Gran Canaria,Turístico,"Local, Turístico","32, 34, 35, 36, 40, 47, 48, 53, 54, 55, 57, 58, 79, 98, 99, 105, 106, 108, 109, 110, 111, 112, 114, 116, 119, 120, 121, 122, 123, 124, 126, 127, 128, 129, 130, 131, 132, 133, 134, 135, 136, 137, 138, 139, 140, 141, 142, 143, 144, 145, 146, 147, 148, 149, 150, 151, 152, 153, 154, 155, 156, 157, 158, 159, 160, 161, 162, 163, 164, 165, 166, 167, 168, 169, 170, 171, 172, 173, 174, 175, 176, 177, 178, 179, 180, 181, 182, 183",88,14,52,22,744,3662
Los Llanos de Aridane,La Palma,Turístico,"Local, Turístico","1, 30, 45, 46, 71, 87, 91, 92, 95, 96, 97, 98, 99, 100, 101, 102",16,1,14,1,40,986
Los Realejos,Tenerife,Turístico,Turístico,"41, 44",2,0,1,1,0,74
Los Silos,Tenerife,Turístico,Turístico,"13, 59",2,0,2,0,0,131
Moya,Gran Canaria,Turístico,"Local, Turístico","67, 80, 82, 94, 95, 100",6,2,3,1,62,222
Puerto de la Cruz,Tenerife,Local,"Local, Turístico","42, 99, 124, 145, 149, 156, 157, 163, 165, 167, 170, 171, 172, 173, 174, 180, 181, 182, 183, 184, 185, 186, 187, 194, 195, 199, 207, 213, 214",29,15,4,10,1157,542
Puerto del Rosario,Fuerteventura,Turístico,"Local, Turístico","3, 11, 13, 16, 17, 20, 41, 43, 61, 62, 65, 69, 70, 78, 82, 84, 85",17,4,13,0,138,457
Puntagorda,La Palma,Turístico,Turístico,"13, 41, 42, 43",4,0,3,1,0,186
Puntallana,La Palma,Turístico,Turístico,"8, 9, 10, 11",4,0,3,1,0,111
Pájara,Fuerteventura,Local,"Local, Turístico","4, 8, 12, 15, 19, 21, 29, 30, 31, 32, 33, 34, 35, 37, 38, 42, 44, 48, 49, 50, 51, 52, 53, 54, 63, 66, 67, 68, 72, 73, 74, 79, 80, 81",34,22,6,6,1249,240
San Andrés y Sauces,La Palma,Turístico,"Local, Turístico","3, 9, 11, 12, 14, 15",6,1,2,3,61,81
San Bartolomé,Lanzarote,Local,"Local, Turístico","19, 26, 45, 47, 48, 107, 109, 114, 123, 165",10,5,4,1,337,166
San Bartolomé de Tirajana,Gran Canaria,Turístico,Turístico,"38, 41, 42, 75, 89, 113",6,0,5,1,0,362
San Miguel de Abona,Tenerife,Turístico,Turístico,"33, 58, 86",3,0,2,1,0,106
San Sebastián de La Gomera,La Gomera,Turístico,"Local, Turístico","0, 2, 4, 9, 11, 20, 39, 40, 41, 42, 43, 44",12,2,10,0,309,832
Santa Brígida,Gran Canaria,Turístico,"Local, Turístico","28, 32, 35, 36, 37",5,1,3,1,128,386
Santa Cruz de La Palma,La Palma,Turístico,Turístico,"11, 21, 50, 52, 53, 65, 76, 77, 79, 103, 104, 105, 106, 107, 108, 109, 110, 111, 112",19,0,17,2,0,1064
Santa Cruz de Tenerife,Tenerife,Turístico,Turístico,1,1,0,1,0,0,30
Santa Lucía de Tirajana,Gran Canaria,Turístico,Turístico,"0, 14",2,0,1,1,0,31
Santa María de Guía de Gran Canaria,Gran Canaria,Local,"Local, Turístico","6, 7, 11, 66, 82",5,3,2,0,158,75
Santa Úrsula,Tenerife,Local,"Local, Turístico","28, 38",2,1,1,0,50,43
Santiago del Teide,Tenerife,Turístico,"Local, Turístico","24, 26, 56, 57, 59, 66, 67, 75, 80, 89, 90, 95, 97, 98, 108, 109, 117, 118",18,6,9,3,455,468
Tazacorte,La Palma,Turístico,Turístico,"59, 71, 75, 90",4,0,4,0,0,188
Teguise,Lanzarote,Local,"Local, Turístico","1, 2, 3, 4, 5, 6, 9, 10, 11, 18, 20, 21, 22, 23, 24, 31, 33, 34, 42, 46, 50, 56, 58, 59, 62, 66, 67, 69, 70, 71, 77, 89, 91, 95, 96, 100, 101, 112, 121, 122, 139, 150, 161, 169, 173, 174, 179, 186, 198, 199, 202, 204, 205, 206, 211, 212, 215, 217, 249, 250",60,32,19,9,1741,1489
Tejeda,Gran Canaria,Turístico,"Local, Turístico","3, 75, 87, 88, 91, 97, 113, 115, 117, 118",10,1,9,0,59,643
Telde,Gran Canaria,Local,"Local, Turístico","4, 12, 20, 21, 22, 26, 27, 29, 31, 44, 59, 65, 68, 69",14,6,6,2,379,354
Teror,Gran Canaria,Turístico,"Local, Turístico","60, 76, 77, 78",4,1,3,0,115,263
Tijarafe,La Palma,Turístico,"Local, Turístico","13, 42, 48, 56, 57, 58, 61, 63, 64, 72, 84, 85, 93, 94",14,1,12,1,43,1031
Tinajo,Lanzarote,Turístico,"Local, Turístico","0, 17, 41, 64, 75, 76, 90, 94, 98, 99, 144, 166, 167, 172, 175, 176, 181, 184, 192, 193, 208, 209",22,6,11,5,227,625
Tuineje,Fuerteventura,Local,"Local, Turístico","0, 1, 2, 5, 6, 7, 14, 15, 36, 45, 46",11,6,3,2,366,116
Tías,Lanzarote,Local,"Local, Turístico","15, 16, 19, 29, 43, 44, 81, 105, 108, 165, 180, 188, 197, 207, 210, 213, 214, 216, 218, 219, 223, 224, 226, 227, 228, 229, 230, 232, 233, 234, 235, 236, 237, 238, 239, 240, 241, 242, 243, 244, 245, 246, 247, 248, 252, 253, 256, 257, 258",49,21,12,16,1273,569
Valle Gran Rey,La Gomera,Turístico,Turístico,"18, 26, 27, 30, 33, 34, 35, 36, 37, 38",10,0,10,0,0,907
Vallehermoso,La Gomera,Turístico,"Local, Turístico","1, 3, 6, 7, 15, 18, 19, 27, 28, 29, 31, 32, 37",13,2,11,0,133,902
Valleseco,Gran Canaria,Turístico,"Local, Turístico","60, 71, 94",3,1,2,0,30,76
Valsequillo de Gran Canaria,Gran Canaria,Local,"Local, Turístico","4, 29, 73",3,2,1,0,132,74
Valverde,El Hierro,Turístico,"Local, Turístico","0, 3, 4, 5, 6, 13, 16, 17, 18, 19",10,1,9,0,44,464
Vega de San Mateo,Gran Canaria,Turístico,"Local, Turístico","73, 74, 75, 87, 97",5,2,3,0,142,293
Vilaflor,Tenerife,Turístico,Turístico,"70, 76, 83, 84",4,0,4,0,0,267
Villa de Mazo,La Palma,Turístico,Turístico,"17, 35, 36, 37, 40, 49",6,0,5,1,0,357
Yaiza,Lanzarote,Local,"Local, Turístico","32, 39, 54, 55, 60, 61, 63, 68, 72, 73, 83, 84, 85, 88, 92, 93, 97, 103, 104, 106, 110, 111, 113, 115, 119, 120, 124, 125, 126, 128, 129, 133, 134, 135, 136, 137, 138, 140, 141, 142, 143, 145, 146, 147, 151, 152, 154, 155, 156, 157, 158, 168, 177, 182, 183, 185, 187, 189, 190, 194, 195, 203, 231, 255, 259, 260, 263, 264, 268, 269, 270, 271, 272, 273, 274, 275, 276, 277, 278, 279, 280, 281, 282, 283, 284, 285, 286, 287, 288, 289, 290, 291",92,66,16,10,4571,864
