fid,nombre,granularidad,cod_tipocat,cod_tipo,tipo,cod_categor,categoria,gcd_isla,nom_isla,gcd_entitur,nom_entitur,gcd_nucltur,nom_nucltur,gcd_municipio,municipio,direccion,prc_habita,prc_plazas,longitud,latitud,geohash,utm_x,utm_y,num_habitaciones,num_plazas
4.0,PENSION CENTRAL,ALOJAMIENTOS,H1,5510_L1,Hotel,1,1 Estrella,ES707,La Palma,ES707B0,La Palma,ES707B00,La Palma,38014.0,Fuencaliente,"CALLE YAIZA, 1",6,11,-17.844397,28.494633,et561gq172,221556.39,3155296.46,,
5.0,HOTEL LA PALMA & TENEGUÍA PRINCESS,ALOJAMIENTOS,H4,5510_L1,Hotel,4,4 Estrellas,ES707,La Palma,ES707B0,La Palma,ES707B00,La Palma,38014.0,Fuencaliente,"CALLE CTRA- LA COSTA CERCA VIEJA, 10",625,1250,-17.873682,28.502574,et561k8z90,218709.39,3156245.13,,
6.0,APARTAMENTOS LOS VOLCANES,ALOJAMIENTOS,A1,5510_L6,Apartamentos,1,1 Estrella,ES707,La Palma,ES707B0,La Palma,ES707B00,La Palma,38014.0,Fuencaliente,"LOS CANARIOS, 86",7,18,-17.844452,28.494167,et561gnnd1,221549.78,3155244.93,,
40.0,HOTEL VALLE ARIDANE,ALOJAMIENTOS,H3,5510_L1,Hotel,3,3 Estrellas,ES707,La Palma,ES707B0,La Palma,ES707B00,La Palma,38024.0,Los Llanos de Aridane,"CALLE GLORIETA CASTILLO OLIVARES, 3",44,87,-17.916106,28.658267,et57031fs2,214975.39,3173605.97,,
41.0,HOTEL EDEN,ALOJAMIENTOS,H1,5510_L1,Hotel,1,1 Estrella,ES707,La Palma,ES707B0,La Palma,ES707B00,La Palma,38024.0,Los Llanos de Aridane,"CALLE ANGEL,1",18,32,-17.912326,28.658901,et5703hwhw,215346.75,3173667.23,,
42.0,PENSION EL PORVENIR,ALOJAMIENTOS,H1,5510_L1,Hotel,1,1 Estrella,ES707,La Palma,ES707B0,La Palma,ES707B00,La Palma,38024.0,Los Llanos de Aridane,"CALLE FERNANDES TAŃO, 33",11,16,-17.910776,28.659399,et5703mc0e,215499.66,3173718.74,,
43.0,HOTEL BENAHOARE,ALOJAMIENTOS,H3,5510_L1,Hotel,3,3 Estrellas,ES707,La Palma,ES707B0,La Palma,ES707B00,La Palma,38024.0,Los Llanos de Aridane,"CALLE LAS ADELFAS, 12",18,40,-17.910776,28.656676,et5702vc0x,215492.3,3173416.86,,
44.0,APARTAMENTOS ADJOVIMAR,ALOJAMIENTOS,A1,5510_L6,Apartamentos,1,1 Estrella,ES707,La Palma,ES707B0,La Palma,ES707B00,La Palma,38024.0,Los Llanos de Aridane,"PEDRO M. HDEZ CAMACHO, 50",5,14,-17.911012,28.652357,et5702j854,215457.55,3172938.61,,
45.0,APARTAMENTOS EL PATIO,ALOJAMIENTOS,A1,5510_L6,Apartamentos,1,1 Estrella,ES707,La Palma,ES707B0,La Palma,ES707B00,La Palma,38024.0,Los Llanos de Aridane,"CALLE CONVENTO, 41",6,12,-17.90892,28.657669,et5702zp5b,215676.48,3173522.53,,
54.0,APARTAMENTOS CASA DE LAS PALMERAS,ALOJAMIENTOS,A1,5510_L6,Apartamentos,1,1 Estrella,ES707,La Palma,ES707B0,La Palma,ES707B00,La Palma,38027.0,El Paso,"CALLE TAMARAHOYA, 20",9,20,-17.893438,28.64157,et56by43hx,217147.17,3171700.95,,
55.0,APARTAMENTOS HERMOSILLA,ALOJAMIENTOS,A1,5510_L6,Apartamentos,1,1 Estrella,ES707,La Palma,ES707B0,La Palma,ES707B00,La Palma,38027.0,El Paso,"CALLE RIQUIBAS, 7",5,12,-17.89419,28.656136,et570b9y54,217112.76,3173317.56,,
56.0,APARTAMENTOS BELLAVISTA,ALOJAMIENTOS,A1,5510_L6,Apartamentos,1,1 Estrella,ES707,La Palma,ES707B0,La Palma,ES707B00,La Palma,38027.0,El Paso,"SANTA ANA, 14",4,8,-17.896194,28.645664,et56byb3h6,216888.63,3172161.36,,
58.0,APARTAMENTOS LOS GUANCHES BUNGALOWS,ALOJAMIENTOS,A1,5510_L6,Apartamentos,1,1 Estrella,ES707,La Palma,ES707B0,La Palma,ES707B00,La Palma,38027.0,El Paso,"CALLE GÁMEZ, 14",10,20,-17.883514,28.641728,et56cn1d5v,218118.18,3171695.0,,
59.0,APARTAMENTOS ROSABEL,ALOJAMIENTOS,A1,5510_L6,Apartamentos,1,1 Estrella,ES707,La Palma,ES707B0,La Palma,ES707B00,La Palma,38027.0,El Paso,"TABURIENTE, 65",3,11,-17.889867,28.642616,et56byhzrf,217499.23,3171808.46,,
60.0,APARTAMENTOS JARDIN DE ARIDANE,ALOJAMIENTOS,A1,5510_L6,Apartamentos,1,1 Estrella,ES707,La Palma,ES707B0,La Palma,ES707B00,La Palma,38027.0,El Paso,"TAMARAHOYA, 19",2,8,-17.891603,28.640149,et56bvg8zq,217322.82,3171539.07,,
61.0,APARTAMENTOS ELIDA,ALOJAMIENTOS,A1,5510_L6,Apartamentos,1,1 Estrella,ES707,La Palma,ES707B0,La Palma,ES707B00,La Palma,38027.0,El Paso,"CALLE EL PILAR, 3",5,12,-17.869713,28.653509,et57125wv9,219499.32,3172968.54,,
62.0,APARTAMENTOS LUNA BAILADORA,ALOJAMIENTOS,A1,5510_L6,Apartamentos,1,1 Estrella,ES707,La Palma,ES707B0,La Palma,ES707B00,La Palma,38027.0,El Paso,"CALLE ECHEDEY, 24",4,16,-17.882066,28.63949,et56cjdtje,218253.81,3171443.47,,
63.0,APARTAMENTOS VISTA VALLE OBIJÓN,ALOJAMIENTOS,A1,5510_L6,Apartamentos,1,1 Estrella,ES707,La Palma,ES707B0,La Palma,ES707B00,La Palma,38027.0,El Paso,URBANIZACIÓN VISTA VALLE,2,7,-17.890953,28.641138,et56bvunwx,217389.05,3171647.18,,
64.0,APARTAMENTOS VISTA VALLE HEINZ,ALOJAMIENTOS,A1,5510_L6,Apartamentos,1,1 Estrella,ES707,La Palma,ES707B0,La Palma,ES707B00,La Palma,38027.0,El Paso,"C/ VISTA VALLE, Nş 37",2,4,-17.890727,28.637563,et56bvk3gu,217401.56,3171250.31,,
65.0,APARTAMENTOS LA VILLA,ALOJAMIENTOS,A1,5510_L6,Apartamentos,1,1 Estrella,ES707,La Palma,ES707B0,La Palma,ES707B00,La Palma,38027.0,El Paso,URBANIZACIÓN CELTA S/N,26,118,-17.896589,28.648772,et56bz255q,216858.36,3172506.86,,
66.0,APARTAMENTOS RINCÓN TAJUYA,ALOJAMIENTOS,A1,5510_L6,Apartamentos,1,1 Estrella,ES707,La Palma,ES707B0,La Palma,ES707B00,La Palma,38027.0,El Paso,"CALLE TAJUYA, 41B",4,16,-17.888383,28.635261,et56buyh6r,217624.64,3170989.56,,
67.0,APARTAMENTOS LAS ALAS,ALOJAMIENTOS,A1,5510_L6,Apartamentos,1,1 Estrella,ES707,La Palma,ES707B0,La Palma,ES707B00,La Palma,38027.0,El Paso,"TAJUYA, 4",6,12,-17.889472,28.637339,et56bvm294,217523.7,3171222.51,,
148.0,PENSION RESIDENCIA EL DRAGO,ALOJAMIENTOS,H1,5510_L1,Hotel,1,1 Estrella,ES707,La Palma,ES707B0,La Palma,ES707B00,La Palma,38033.0,San Andrés y Sauces,"AVENIDA LOS SAUCES, 36",12,24,-17.772901,28.801339,et57ge45vq,229347.82,3189132.86,,
177.0,HOTEL CASTILLETE,ALOJAMIENTOS,H3,5510_L1,Hotel,3,3 Estrellas,ES707,La Palma,ES707B0,La Palma,ES707B00,La Palma,38037.0,Santa Cruz de La Palma,"AVENIDA MARITIMA, 75",42,200,-17.759854,28.687379,et575y7sj7,230328.95,3176469.96,,
178.0,PENSION LA CUBANA,ALOJAMIENTOS,H1,5510_L1,Hotel,1,1 Estrella,ES707,La Palma,ES707B0,La Palma,ES707B00,La Palma,38037.0,Santa Cruz de La Palma,"CALLE O´DALY, 24",10,22,-17.765758,28.682175,et575trmgb,229738.44,3175906.43,,
180.0,L´OTELITO 27,ALOJAMIENTOS,H2,5510_L1,Hotel,2,2 Estrellas,ES707,La Palma,ES707B0,La Palma,ES707B00,La Palma,38037.0,Santa Cruz de La Palma,"CALLE A. CABRERA PINTO, 27",14,23,-17.765497,28.683785,et575txx1v,229768.09,3176084.32,,
181.0,HOTEL APARTAMENTO EL GALEON,ALOJAMIENTOS,H3,5510_L1,Hotel,3,3 Estrellas,ES707,La Palma,ES707B0,La Palma,ES707B00,La Palma,38037.0,Santa Cruz de La Palma,CALLE GALEÓN 10,25,50,-17.771228,28.678524,et575sg2s2,229194.3,3175514.1,,
182.0,APARTAMENTOS ROCAMAR,ALOJAMIENTOS,A2,5510_L6,Apartamentos,2,2 Estrellas,ES707,La Palma,ES707B0,La Palma,ES707B00,La Palma,38037.0,Santa Cruz de La Palma,"CALLE ABENGUAREME, 12",26,101,-17.760435,28.690402,et575ygjxy,230279.91,3176806.39,,
183.0,APARTAMENTOS CHIPI-CHIPI,ALOJAMIENTOS,A1,5510_L6,Apartamentos,1,1 Estrella,ES707,La Palma,ES707B0,La Palma,ES707B00,La Palma,38037.0,Santa Cruz de La Palma,CALLE JUAN MAYOR 42,6,23,-17.786469,28.681643,et575m269j,227712.38,3175894.57,,
184.0,APARTAMENTOS LA FUENTE,ALOJAMIENTOS,A3,5510_L6,Apartamentos,3,3 Estrellas,ES707,La Palma,ES707B0,La Palma,ES707B00,La Palma,38037.0,Santa Cruz de La Palma,"PÉREZ DE BRITO, 49",9,18,-17.762642,28.685658,et575y1dh6,230052.0,3176285.48,,
185.0,APARTAMENTOS MONTECRISTO,ALOJAMIENTOS,A1,5510_L6,Apartamentos,1,1 Estrella,ES707,La Palma,ES707B0,La Palma,ES707B00,La Palma,38037.0,Santa Cruz de La Palma,"MONTECRISTO, 33",2,4,-17.767344,28.684384,et575ty4wu,229589.08,3176154.91,,
186.0,HOTEL SAN TELMO,ALOJAMIENTOS,H2,5510_L1,Hotel,2,2 Estrellas,ES707,La Palma,ES707B0,La Palma,ES707B00,La Palma,38037.0,Santa Cruz de La Palma,CALLE SAN TELMO 5,8,16,-17.766829,28.682071,et575tqt4v,229633.47,3175897.33,,
187.0,BANANA GARDEN LA PALMA,ALOJAMIENTOS,H1,5510_L1,Hotel,1,1 Estrella,ES707,La Palma,ES707B0,La Palma,ES707B00,La Palma,38037.0,Santa Cruz de La Palma,CALLE GARACHICO 17,9,20,-17.763522,28.684671,et575vburf,229963.44,3176178.06,,
228.0,APARTAMENTOS MORROSOL,ALOJAMIENTOS,A2,5510_L6,Apartamentos,2,2 Estrellas,ES707,La Palma,ES707B0,La Palma,ES707B00,La Palma,38045.0,Tazacorte,"CALLE LOMO BLANCO 2, 1ş, 1Ş",4,8,-17.933826,28.640911,et54zvuvrs,213195.31,3171724.26,,
229.0,APARTAMENTOS ISA TAZACORTE,ALOJAMIENTOS,A1,5510_L6,Apartamentos,1,1 Estrella,ES707,La Palma,ES707B0,La Palma,ES707B00,La Palma,38045.0,Tazacorte,"PROGRESO, 10",26,52,-17.934349,28.640815,et54zvusg6,213143.9,3171714.87,,
230.0,APARTAMENTOS LUZ Y MAR,ALOJAMIENTOS,A2,5510_L6,Apartamentos,2,2 Estrellas,ES707,La Palma,ES707B0,La Palma,ES707B00,La Palma,38045.0,Tazacorte,PUERTO DE TAZACORTE,15,45,-17.946548,28.651938,et54zxgtxh,211981.21,3172977.41,,
231.0,APARTAMENTOS ATLANTIS,ALOJAMIENTOS,A1,5510_L6,Apartamentos,1,1 Estrella,ES707,La Palma,ES707B0,La Palma,ES707B00,La Palma,38045.0,Tazacorte,"MARIANO BENLLIURE, 14",23,54,-17.932481,28.642321,et54zyjvwg,213330.7,3171877.35,,
232.0,APARTAMENTOS DRACAENA,ALOJAMIENTOS,A3,5510_L6,Apartamentos,3,3 Estrellas,ES707,La Palma,ES707B0,La Palma,ES707B00,La Palma,38045.0,Tazacorte,"CALLE EL POZO, 18",6,18,-17.946421,28.652005,et54zxgy40,211993.81,3172984.53,,
233.0,APARTAMENTOS VISTA HERMOSA I,ALOJAMIENTOS,A3,5510_L6,Apartamentos,3,3 Estrellas,ES707,La Palma,ES707B0,La Palma,ES707B00,La Palma,38047.0,Tijarafe,CARRETERA LAS ANGUSTIAS,4,12,-17.934073,28.666923,et55pfsucv,213242.03,3174608.67,,
306.0,HOTEL ARMINDA,ALOJAMIENTOS,H1,5510_L1,Hotel,1,1 Estrella,ES707,La Palma,ES707B0,La Palma,ES707B00,La Palma,38053.0,Villa de Mazo,"CALLE LOREDO, 181",5,10,-17.771205,28.616439,et56g97quf,229036.83,3168631.55,,
1249.0,HOTEL LA PALMA ROMANTICA,ALOJAMIENTOS,H3,5510_L1,Hotel,3,3 Estrellas,ES707,La Palma,ES707B0,La Palma,ES707B00,La Palma,38007.0,Barlovento,"LAS LLANADAS, S/N.",40,96,-17.805544,28.82208,et57fyfkuc,226214.6,3191507.02,,
1250.0,APARTAMENTOS MIRANDA,ALOJAMIENTOS,A2,5510_L6,Apartamentos,2,2 Estrellas,ES707,La Palma,ES707B0,La Palma,ES707B00,La Palma,38008.0,Breńa Alta,"CARRETERA GENERAL ZUMACAL, 83",8,16,-17.776266,28.656665,et5752z9nv,228645.4,3173102.34,,
1251.0,PARADOR NACIONAL DE LA PALMA,ALOJAMIENTOS,H4,5510_L1,Hotel,4,4 Estrellas,ES707,La Palma,ES707B0,La Palma,ES707B00,La Palma,38009.0,Breńa Baja,"CARRETERA DEL ZUMACAL, S/N",75,150,-17.774983,28.651286,et56gxb9uf,228757.0,3172503.12,,
1253.0,HOTEL H10 TABURIENTE PLAYA,ALOJAMIENTOS,H4,5510_L1,Hotel,4,4 Estrellas,ES707,La Palma,ES707B0,La Palma,ES707B00,La Palma,38009.0,Breńa Baja,URBANIZACIÓN LAS SALINAS II,427,890,-17.758258,28.649486,et56gzkz6e,230387.88,3172265.69,,
1254.0,HOTEL LAS OLAS,ALOJAMIENTOS,H4,5510_L1,Hotel,4,4 Estrellas,ES707,La Palma,ES707B0,La Palma,ES707B00,La Palma,38009.0,Breńa Baja,"C/ TRAVESIA LOS CANCAJOS, Nş2",184,364,-17.75914,28.644635,et56gys5n4,230289.2,3171729.92,,
1255.0,APARTAMENTOS LOS CANCAJOS,ALOJAMIENTOS,A2,5510_L6,Apartamentos,2,2 Estrellas,ES707,La Palma,ES707B0,La Palma,ES707B00,La Palma,38009.0,Breńa Baja,TRAVESIA LOS CANCAJOS 37,7,18,-17.761201,28.65078,et56gzdwyh,230103.4,3172415.79,,
1256.0,APARTAMENTOS MONTEBREŃA,ALOJAMIENTOS,A1,5510_L6,Apartamentos,1,1 Estrella,ES707,La Palma,ES707B0,La Palma,ES707B00,La Palma,38009.0,Breńa Baja,"CALLE LA POLVACERA, 159",10,20,-17.772939,28.635328,et56gsfhus,228915.8,3170729.44,,
1257.0,APARTAMENTOS VISTABELLA,ALOJAMIENTOS,A2,5510_L6,Apartamentos,2,2 Estrellas,ES707,La Palma,ES707B0,La Palma,ES707B00,La Palma,38009.0,Breńa Baja,"CALLE SAN JOSÉ 312, 314",9,26,-17.773509,28.640471,et56gtcdz4,228873.29,3171300.86,,
1258.0,APARTAMENTOS HACIENDA SAN JORGE,ALOJAMIENTOS,A3,5510_L6,Apartamentos,3,3 Estrellas,ES707,La Palma,ES707B0,La Palma,ES707B00,La Palma,38009.0,Breńa Baja,"PLAYA DE LOS CANCAJOS, 22",156,476,-17.761069,28.651418,et56gzff95,230117.94,3172486.22,,
1259.0,APARTAMENTOS LOS ROSALES,ALOJAMIENTOS,A1,5510_L6,Apartamentos,1,1 Estrella,ES707,La Palma,ES707B0,La Palma,ES707B00,La Palma,38009.0,Breńa Baja,URBANIZACIÓN SAN ANTONIO DEL MAR,36,174,-17.759044,28.646476,et56gyumb6,230303.3,3171933.79,,
1260.0,APARTAMENTOS MAYOYSA,ALOJAMIENTOS,A2,5510_L6,Apartamentos,2,2 Estrellas,ES707,La Palma,ES707B0,La Palma,ES707B00,La Palma,38009.0,Breńa Baja,"SAN ANTONIO, 340",4,8,-17.766635,28.640022,et56gty8pr,229544.4,3171235.5,,
1261.0,APARTAMENTOS CENTROCANCAJOS,ALOJAMIENTOS,A3,5510_L6,Apartamentos,3,3 Estrellas,ES707,La Palma,ES707B0,La Palma,ES707B00,La Palma,38009.0,Breńa Baja,TRAVESIA DE LOS CANCAJOS 52,35,70,-17.759959,28.650689,et56gzew6g,230224.62,3172402.89,,
1262.0,VILLAS LOS PAJEROS,ALOJAMIENTOS,A3,5510_L6,Apartamentos,3,3 Estrellas,ES707,La Palma,ES707B0,La Palma,ES707B00,La Palma,38009.0,Breńa Baja,CALLE EL SOCORRO 91,4,20,-17.77341,28.655288,et57589c1s,228921.12,3172943.2,,
1264.0,APARTAMENTOS OASIS SAN ANTONIO,ALOJAMIENTOS,A2,5510_L6,Apartamentos,2,2 Estrellas,ES707,La Palma,ES707B0,La Palma,ES707B00,La Palma,38009.0,Breńa Baja,"URBANIZACIÓN SAN ANTONIO DEL MAR, S/N",68,136,-17.759787,28.646224,et56gygsqg,230230.0,3171907.53,,
1265.0,APARTAMENTOS EL CERRITO,ALOJAMIENTOS,A3,5510_L6,Apartamentos,3,3 Estrellas,ES707,La Palma,ES707B0,La Palma,ES707B00,La Palma,38009.0,Breńa Baja,"PLAYA DE LOS LOS CANCAJOS, S/N",37,74,-17.760268,28.646906,et56gz527f,230184.71,3171984.22,,
1266.0,APARTAMENTOS LA CALETA,ALOJAMIENTOS,A3,5510_L6,Apartamentos,3,3 Estrellas,ES707,La Palma,ES707B0,La Palma,ES707B00,La Palma,38009.0,Breńa Baja,"LOS CANCAJOS, S/N",62,186,-17.759217,28.645979,et56gyu4um,230285.11,3171879.09,,
22.0,PENSION CENTRAL,ALOJAMIENTOS,H1,5510_L1,Hotel,1,1 Estrella,ES707,La Palma,ES707B0,La Palma,ES707B00,La Palma,38014.0,Fuencaliente,"CALLE YAIZA, 1",,,-17.844397,28.494633,et561gq172,221556.39,3155296.46,6.0,11.0
23.0,HOTEL LA PALMA & TENEGUÍA PRINCESS,ALOJAMIENTOS,H4,5510_L1,Hotel,4,4 Estrellas,ES707,La Palma,ES707B0,La Palma,ES707B00,La Palma,38014.0,Fuencaliente,"CALLE CTRA- LA COSTA CERCA VIEJA, 10",,,-17.873682,28.502574,et561k8z90,218709.39,3156245.13,625.0,1250.0
25.0,APARTAMENTOS LOS VOLCANES,ALOJAMIENTOS,A1,5510_L6,Apartamentos,1,1 Estrella,ES707,La Palma,ES707B0,La Palma,ES707B00,La Palma,38014.0,Fuencaliente,"LOS CANARIOS, 86",,,-17.844452,28.494167,et561gnnd1,221549.78,3155244.93,7.0,18.0
26.0,APARTAMENTOS COLÓN II,ALOJAMIENTOS,A2,5510_L6,Apartamentos,2,2 Estrellas,ES707,La Palma,ES707B0,La Palma,ES707B00,La Palma,38014.0,Fuencaliente,LOS QUEMADOS  C/ VIRGEN DEL COBRE N 8,,,-17.856869,28.491475,et561dtnbg,220326.59,3154975.38,8.0,24.0
61.0,HOTEL VALLE ARIDANE,ALOJAMIENTOS,H3,5510_L1,Hotel,3,3 Estrellas,ES707,La Palma,ES707B0,La Palma,ES707B00,La Palma,38024.0,Los Llanos de Aridane,"CALLE GLORIETA CASTILLO OLIVARES, 3",,,-17.916106,28.658267,et57031fs2,214975.39,3173605.97,44.0,87.0
62.0,HOTEL SOL LA PALMA,ALOJAMIENTOS,H4,5510_L1,Hotel,4,4 Estrellas,ES707,La Palma,ES707B0,La Palma,ES707B00,La Palma,38024.0,Los Llanos de Aridane,PUNTA DEL POZO S/N,,,-17.908674,28.582211,et5687pr3w,215496.94,3165156.44,473.0,1024.0
63.0,HOTEL EDEN,ALOJAMIENTOS,H1,5510_L1,Hotel,1,1 Estrella,ES707,La Palma,ES707B0,La Palma,ES707B00,La Palma,38024.0,Los Llanos de Aridane,"CALLE ANGEL,1",,,-17.912326,28.658901,et5703hwhw,215346.75,3173667.23,18.0,32.0
64.0,PENSION EL PORVENIR,ALOJAMIENTOS,H1,5510_L1,Hotel,1,1 Estrella,ES707,La Palma,ES707B0,La Palma,ES707B00,La Palma,38024.0,Los Llanos de Aridane,"CALLE FERNANDES TAÑO, 33",,,-17.910776,28.659399,et5703mc0e,215499.66,3173718.74,6.0,16.0
65.0,HOTEL BENAHOARE,ALOJAMIENTOS,H3,5510_L1,Hotel,3,3 Estrellas,ES707,La Palma,ES707B0,La Palma,ES707B00,La Palma,38024.0,Los Llanos de Aridane,"CALLE LAS ADELFAS, 12",,,-17.910776,28.656676,et5702vc0x,215492.3,3173416.86,18.0,40.0
66.0,APARTAMENTOS LOS LAJONES,ALOJAMIENTOS,A2,5510_L6,Apartamentos,2,2 Estrellas,ES707,La Palma,ES707B0,La Palma,ES707B00,La Palma,38024.0,Los Llanos de Aridane,C/LOS LAJONES 12,,,-17.911249,28.588451,et568km7v9,215261.78,3165854.35,34.0,68.0
67.0,APARTAMENTOS MARTÍN,ALOJAMIENTOS,A1,5510_L6,Apartamentos,1,1 Estrella,ES707,La Palma,ES707B0,La Palma,ES707B00,La Palma,38024.0,Los Llanos de Aridane,C/JUANA TABARES 1 PUERTO NAOS,,,-17.9094,28.585382,et5687ycbt,215434.44,3165509.71,19.0,38.0
69.0,APARTAMENTOS MORANZ,ALOJAMIENTOS,A1,5510_L6,Apartamentos,1,1 Estrella,ES707,La Palma,ES707B0,La Palma,ES707B00,La Palma,38024.0,Los Llanos de Aridane,""" CAMINO MORRO LOS JUDIOS, 2""",,,-17.906452,28.59163,et568sbym6,215739.74,3166195.37,5.0,12.0
70.0,APARTAMENTOS ADJOVIMAR,ALOJAMIENTOS,A1,5510_L6,Apartamentos,1,1 Estrella,ES707,La Palma,ES707B0,La Palma,ES707B00,La Palma,38024.0,Los Llanos de Aridane,"PEDRO M. HDEZ CAMACHO, 50",,,-17.911012,28.652357,et5702j854,215457.55,3172938.61,5.0,14.0
71.0,APARTAMENTOS EL PATIO,ALOJAMIENTOS,A1,5510_L6,Apartamentos,1,1 Estrella,ES707,La Palma,ES707B0,La Palma,ES707B00,La Palma,38024.0,Los Llanos de Aridane,"CALLE CONVENTO, 41",,,-17.90892,28.657669,et5702zp5b,215676.48,3173522.53,6.0,12.0
80.0,APARTAMENTOS CASA DE LAS PALMERAS,ALOJAMIENTOS,A1,5510_L6,Apartamentos,1,1 Estrella,ES707,La Palma,ES707B0,La Palma,ES707B00,La Palma,38027.0,El Paso,"CALLE TAMARAHOYA, 20",,,-17.893438,28.64157,et56by43hx,217147.17,3171700.95,9.0,20.0
81.0,APARTAMENTOS HERMOSILLA,ALOJAMIENTOS,A1,5510_L6,Apartamentos,1,1 Estrella,ES707,La Palma,ES707B0,La Palma,ES707B00,La Palma,38027.0,El Paso,"CALLE RIQUIBAS, 7",,,-17.89419,28.656136,et570b9y54,217112.76,3173317.56,5.0,12.0
82.0,APARTAMENTOS BELLAVISTA,ALOJAMIENTOS,A1,5510_L6,Apartamentos,1,1 Estrella,ES707,La Palma,ES707B0,La Palma,ES707B00,La Palma,38027.0,El Paso,"SANTA ANA, 14",,,-17.896194,28.645664,et56byb3h6,216888.63,3172161.36,4.0,8.0
83.0,APARTAMENTOS LOS GUANCHES BUNGALOWS,ALOJAMIENTOS,A1,5510_L6,Apartamentos,1,1 Estrella,ES707,La Palma,ES707B0,La Palma,ES707B00,La Palma,38027.0,El Paso,"CALLE GÁMEZ, 14",,,-17.883514,28.641728,et56cn1d5v,218118.18,3171695.0,10.0,20.0
84.0,APARTAMENTOS ROSABEL,ALOJAMIENTOS,A1,5510_L6,Apartamentos,1,1 Estrella,ES707,La Palma,ES707B0,La Palma,ES707B00,La Palma,38027.0,El Paso,"TABURIENTE, 65",,,-17.889867,28.642616,et56byhzrf,217499.23,3171808.46,3.0,11.0
85.0,APARTAMENTOS JARDIN DE ARIDANE,ALOJAMIENTOS,A1,5510_L6,Apartamentos,1,1 Estrella,ES707,La Palma,ES707B0,La Palma,ES707B00,La Palma,38027.0,El Paso,"TAMARAHOYA, 19",,,-17.891603,28.640149,et56bvg8zq,217322.82,3171539.07,2.0,8.0
86.0,APARTAMENTOS ELIDA,ALOJAMIENTOS,A1,5510_L6,Apartamentos,1,1 Estrella,ES707,La Palma,ES707B0,La Palma,ES707B00,La Palma,38027.0,El Paso,"CALLE EL PILAR, 3",,,-17.869713,28.653509,et57125wv9,219499.32,3172968.54,5.0,12.0
87.0,APARTAMENTOS LUNA BAILADORA,ALOJAMIENTOS,A1,5510_L6,Apartamentos,1,1 Estrella,ES707,La Palma,ES707B0,La Palma,ES707B00,La Palma,38027.0,El Paso,"CALLE ECHEDEY, 24",,,-17.882066,28.63949,et56cjdtje,218253.81,3171443.47,4.0,16.0
88.0,APARTAMENTOS VISTA VALLE OBIJÓN,ALOJAMIENTOS,A1,5510_L6,Apartamentos,1,1 Estrella,ES707,La Palma,ES707B0,La Palma,ES707B00,La Palma,38027.0,El Paso,URBANIZACIÓN VISTA VALLE,,,-17.890953,28.641138,et56bvunwx,217389.05,3171647.18,2.0,7.0
89.0,APARTAMENTOS VISTA VALLE HEINZ,ALOJAMIENTOS,A1,5510_L6,Apartamentos,1,1 Estrella,ES707,La Palma,ES707B0,La Palma,ES707B00,La Palma,38027.0,El Paso,"C/ VISTA VALLE, Nº 37",,,-17.890727,28.637563,et56bvk3gu,217401.56,3171250.31,2.0,4.0
91.0,APARTAMENTOS LA VILLA,ALOJAMIENTOS,A1,5510_L6,Apartamentos,1,1 Estrella,ES707,La Palma,ES707B0,La Palma,ES707B00,La Palma,38027.0,El Paso,URBANIZACIÓN CELTA S/N,,,-17.896589,28.648772,et56bz255q,216858.36,3172506.86,26.0,118.0
92.0,APARTAMENTOS RINCÓN TAJUYA,ALOJAMIENTOS,A1,5510_L6,Apartamentos,1,1 Estrella,ES707,La Palma,ES707B0,La Palma,ES707B00,La Palma,38027.0,El Paso,"CALLE TAJUYA, 41B",,,-17.888383,28.635261,et56buyh6r,217624.64,3170989.56,4.0,16.0
93.0,APARTAMENTOS LAS ALAS,ALOJAMIENTOS,A1,5510_L6,Apartamentos,1,1 Estrella,ES707,La Palma,ES707B0,La Palma,ES707B00,La Palma,38027.0,El Paso,"TAJUYA, 4",,,-17.889472,28.637339,et56bvm294,217523.7,3171222.51,6.0,12.0
174.0,PENSION RESIDENCIA EL DRAGO,ALOJAMIENTOS,H1,5510_L1,Hotel,1,1 Estrella,ES707,La Palma,ES707B0,La Palma,ES707B00,La Palma,38033.0,San Andrés y Sauces,"AVENIDA LOS SAUCES, 36",,,-17.772901,28.801339,et57ge45vq,229347.82,3189132.86,12.0,24.0
175.0,PENSION LAS LONJAS,ALOJAMIENTOS,H1,5510_L1,Hotel,1,1 Estrella,ES707,La Palma,ES707B0,La Palma,ES707B00,La Palma,38033.0,San Andrés y Sauces,"SAN SEBASTIÁN, 16",,,-17.760864,28.798554,et57gfdgtz,230516.03,3188796.75,4.0,8.0
211.0,HOTEL CASTILLETE,ALOJAMIENTOS,H3,5510_L1,Hotel,3,3 Estrellas,ES707,La Palma,ES707B0,La Palma,ES707B00,La Palma,38037.0,Santa Cruz de La Palma,"AVENIDA MARITIMA, 75",,,-17.759854,28.687379,et575y7sj7,230328.95,3176469.96,42.0,200.0
213.0,PENSION LA CUBANA,ALOJAMIENTOS,H1,5510_L1,Hotel,1,1 Estrella,ES707,La Palma,ES707B0,La Palma,ES707B00,La Palma,38037.0,Santa Cruz de La Palma,"CALLE O´DALY, 24",,,-17.765758,28.682175,et575trmgb,229738.44,3175906.43,10.0,22.0
214.0,L´OTELITO 27,ALOJAMIENTOS,H2,5510_L1,Hotel,2,2 Estrellas,ES707,La Palma,ES707B0,La Palma,ES707B00,La Palma,38037.0,Santa Cruz de La Palma,"CALLE A. CABRERA PINTO, 27",,,-17.765497,28.683785,et575txx1v,229768.09,3176084.32,14.0,23.0
215.0,HOTEL APARTAMENTO EL GALEON,ALOJAMIENTOS,H3,5510_L1,Hotel,3,3 Estrellas,ES707,La Palma,ES707B0,La Palma,ES707B00,La Palma,38037.0,Santa Cruz de La Palma,CALLE GALEÓN 10,,,-17.771228,28.678524,et575sg2s2,229194.3,3175514.1,25.0,50.0
216.0,APARTAMENTOS ROCAMAR,ALOJAMIENTOS,A2,5510_L6,Apartamentos,2,2 Estrellas,ES707,La Palma,ES707B0,La Palma,ES707B00,La Palma,38037.0,Santa Cruz de La Palma,"CALLE ABENGUAREME, 12",,,-17.760435,28.690402,et575ygjxy,230279.91,3176806.39,26.0,101.0
217.0,APARTAMENTOS CHIPI-CHIPI,ALOJAMIENTOS,A1,5510_L6,Apartamentos,1,1 Estrella,ES707,La Palma,ES707B0,La Palma,ES707B00,La Palma,38037.0,Santa Cruz de La Palma,CALLE JUAN MAYOR 42,,,-17.786469,28.681643,et575m269j,227712.38,3175894.57,6.0,23.0
218.0,APARTAMENTOS LA FUENTE,ALOJAMIENTOS,A3,5510_L6,Apartamentos,3,3 Estrellas,ES707,La Palma,ES707B0,La Palma,ES707B00,La Palma,38037.0,Santa Cruz de La Palma,"PÉREZ DE BRITO, 49",,,-17.762642,28.685658,et575y1dh6,230052.0,3176285.48,9.0,18.0
219.0,APARTAMENTOS MONTECRISTO,ALOJAMIENTOS,A1,5510_L6,Apartamentos,1,1 Estrella,ES707,La Palma,ES707B0,La Palma,ES707B00,La Palma,38037.0,Santa Cruz de La Palma,"MONTECRISTO, 33",,,-17.767344,28.684384,et575ty4wu,229589.08,3176154.91,2.0,4.0
220.0,HOTEL SAN TELMO,ALOJAMIENTOS,H2,5510_L1,Hotel,2,2 Estrellas,ES707,La Palma,ES707B0,La Palma,ES707B00,La Palma,38037.0,Santa Cruz de La Palma,CALLE SAN TELMO 5,,,-17.766829,28.682071,et575tqt4v,229633.47,3175897.33,8.0,16.0
221.0,BANANA GARDEN LA PALMA,ALOJAMIENTOS,H1,5510_L1,Hotel,1,1 Estrella,ES707,La Palma,ES707B0,La Palma,ES707B00,La Palma,38037.0,Santa Cruz de La Palma,CALLE GARACHICO 17,,,-17.763522,28.684671,et575vburf,229963.44,3176178.06,9.0,20.0
263.0,APARTAMENTOS MORROSOL,ALOJAMIENTOS,A2,5510_L6,Apartamentos,2,2 Estrellas,ES707,La Palma,ES707B0,La Palma,ES707B00,La Palma,38045.0,Tazacorte,"CALLE LOMO BLANCO 2, 1º, 1ª",,,-17.933826,28.640911,et54zvuvrs,213195.31,3171724.26,4.0,8.0
264.0,APARTAMENTOS EL PARADISO,ALOJAMIENTOS,A1,5510_L6,Apartamentos,1,1 Estrella,ES707,La Palma,ES707B0,La Palma,ES707B00,La Palma,38045.0,Tazacorte,CAMINO EL CORUJO 11,,,-17.914422,28.619518,et56b650g8,215035.25,3169306.09,6.0,14.0
265.0,APARTAMENTOS ISA TAZACORTE,ALOJAMIENTOS,A1,5510_L6,Apartamentos,1,1 Estrella,ES707,La Palma,ES707B0,La Palma,ES707B00,La Palma,38045.0,Tazacorte,"PROGRESO, 10",,,-17.934349,28.640815,et54zvusg6,213143.9,3171714.87,26.0,52.0
266.0,APARTAMENTOS FINCA LA CRUZ,ALOJAMIENTOS,A1,5510_L6,Apartamentos,1,1 Estrella,ES707,La Palma,ES707B0,La Palma,ES707B00,La Palma,38045.0,Tazacorte,"CALLE FINCA LA CRUZ,16",,,-17.931241,28.646206,et54zyyu5z,213462.55,3172305.08,3.0,8.0
267.0,APARTAMENTOS LUZ Y MAR,ALOJAMIENTOS,A2,5510_L6,Apartamentos,2,2 Estrellas,ES707,La Palma,ES707B0,La Palma,ES707B00,La Palma,38045.0,Tazacorte,PUERTO DE TAZACORTE,,,-17.946548,28.651938,et54zxgtxh,211981.21,3172977.41,15.0,45.0
269.0,APARTAMENTOS ATLANTIS,ALOJAMIENTOS,A1,5510_L6,Apartamentos,1,1 Estrella,ES707,La Palma,ES707B0,La Palma,ES707B00,La Palma,38045.0,Tazacorte,"MARIANO BENLLIURE, 14",,,-17.932481,28.642321,et54zyjvwg,213330.7,3171877.35,23.0,54.0
270.0,APARTAMENTOS FLORIDA,ALOJAMIENTOS,A1,5510_L6,Apartamentos,1,1 Estrella,ES707,La Palma,ES707B0,La Palma,ES707B00,La Palma,38045.0,Tazacorte,"AVENIDA FELIPE LORENZO, 18",,,-17.931088,28.639235,et54zvwgxk,213458.54,3171531.88,6.0,12.0
271.0,APARTAMENTOS DRACAENA,ALOJAMIENTOS,A3,5510_L6,Apartamentos,3,3 Estrellas,ES707,La Palma,ES707B0,La Palma,ES707B00,La Palma,38045.0,Tazacorte,"CALLE EL POZO, 18",,,-17.946421,28.652005,et54zxgy40,211993.81,3172984.53,6.0,18.0
272.0,APARTAMENTOS EL KIKERE,ALOJAMIENTOS,A2,5510_L6,Apartamentos,2,2 Estrellas,ES707,La Palma,ES707B0,La Palma,ES707B00,La Palma,38045.0,Tazacorte,PASEO BEATOS MÁRTIRES - EXPLANADA 2,,,-17.946821,28.651773,et54zxgs8v,211954.06,3172959.77,6.0,12.0
365.0,HOTEL ARMINDA,ALOJAMIENTOS,H1,5510_L1,Hotel,1,1 Estrella,ES707,La Palma,ES707B0,La Palma,ES707B00,La Palma,38053.0,Villa de Mazo,"CALLE LOREDO, 181",,,-17.771205,28.616439,et56g97quf,229036.83,3168631.55,5.0,15.0
1320.0,HOTEL LA PALMA ROMANTICA,ALOJAMIENTOS,H3,5510_L1,Hotel,3,3 Estrellas,ES707,La Palma,ES707B0,La Palma,ES707B00,La Palma,38007.0,Barlovento,"LAS LLANADAS, S/N.",,,-17.805544,28.82208,et57fyfkuc,226214.6,3191507.02,40.0,96.0
1321.0,APARTAMENTOS MIRANDA,ALOJAMIENTOS,A2,5510_L6,Apartamentos,2,2 Estrellas,ES707,La Palma,ES707B0,La Palma,ES707B00,La Palma,38008.0,Breña Alta,"CARRETERA GENERAL ZUMACAL, 83",,,-17.776266,28.656665,et5752z9nv,228645.4,3173102.34,8.0,16.0
1322.0,PARADOR NACIONAL DE LA PALMA,ALOJAMIENTOS,H4,5510_L1,Hotel,4,4 Estrellas,ES707,La Palma,ES707B0,La Palma,ES707B00,La Palma,38009.0,Breña Baja,"CARRETERA DEL ZUMACAL, S/N",,,-17.774983,28.651286,et56gxb9uf,228757.0,3172503.12,74.0,145.0
1323.0,HOTEL H10 TABURIENTE PLAYA,ALOJAMIENTOS,H4,5510_L1,Hotel,4,4 Estrellas,ES707,La Palma,ES707B0,La Palma,ES707B00,La Palma,38009.0,Breña Baja,URBANIZACIÓN LAS SALINAS II,,,-17.758258,28.649486,et56gzkz6e,230387.88,3172265.69,427.0,890.0
1324.0,HOTEL LAS OLAS,ALOJAMIENTOS,H4,5510_L1,Hotel,4,4 Estrellas,ES707,La Palma,ES707B0,La Palma,ES707B00,La Palma,38009.0,Breña Baja,"C/ TRAVESIA LOS CANCAJOS, Nº2",,,-17.75914,28.644635,et56gys5n4,230289.2,3171729.92,184.0,364.0
1325.0,APARTAMENTOS LOS CANCAJOS,ALOJAMIENTOS,A2,5510_L6,Apartamentos,2,2 Estrellas,ES707,La Palma,ES707B0,La Palma,ES707B00,La Palma,38009.0,Breña Baja,TRAVESIA LOS CANCAJOS 37,,,-17.761201,28.65078,et56gzdwyh,230103.4,3172415.79,7.0,18.0
1327.0,APARTAMENTOS MONTEBREÑA,ALOJAMIENTOS,A1,5510_L6,Apartamentos,1,1 Estrella,ES707,La Palma,ES707B0,La Palma,ES707B00,La Palma,38009.0,Breña Baja,"CALLE LA POLVACERA, 159",,,-17.772939,28.635328,et56gsfhus,228915.8,3170729.44,10.0,20.0
1328.0,APARTAMENTOS VISTABELLA,ALOJAMIENTOS,A2,5510_L6,Apartamentos,2,2 Estrellas,ES707,La Palma,ES707B0,La Palma,ES707B00,La Palma,38009.0,Breña Baja,"CALLE SAN JOSÉ 312, 314",,,-17.773509,28.640471,et56gtcdz4,228873.29,3171300.86,9.0,26.0
1329.0,APARTAMENTOS HACIENDA SAN JORGE,ALOJAMIENTOS,A3,5510_L6,Apartamentos,3,3 Estrellas,ES707,La Palma,ES707B0,La Palma,ES707B00,La Palma,38009.0,Breña Baja,"PLAYA DE LOS CANCAJOS, 22",,,-17.761069,28.651418,et56gzff95,230117.94,3172486.22,156.0,476.0
1330.0,APARTAMENTOS LOS ROSALES,ALOJAMIENTOS,A1,5510_L6,Apartamentos,1,1 Estrella,ES707,La Palma,ES707B0,La Palma,ES707B00,La Palma,38009.0,Breña Baja,URBANIZACIÓN SAN ANTONIO DEL MAR,,,-17.759044,28.646476,et56gyumb6,230303.3,3171933.79,36.0,174.0
1331.0,APARTAMENTOS MAYOYSA,ALOJAMIENTOS,A2,5510_L6,Apartamentos,2,2 Estrellas,ES707,La Palma,ES707B0,La Palma,ES707B00,La Palma,38009.0,Breña Baja,"SAN ANTONIO, 340",,,-17.766635,28.640022,et56gty8pr,229544.4,3171235.5,4.0,8.0
1332.0,APARTAMENTOS CENTROCANCAJOS,ALOJAMIENTOS,A3,5510_L6,Apartamentos,3,3 Estrellas,ES707,La Palma,ES707B0,La Palma,ES707B00,La Palma,38009.0,Breña Baja,TRAVESIA DE LOS CANCAJOS 52,,,-17.759959,28.650689,et56gzew6g,230224.62,3172402.89,35.0,70.0
1333.0,VILLAS LOS PAJEROS,ALOJAMIENTOS,A3,5510_L6,Apartamentos,3,3 Estrellas,ES707,La Palma,ES707B0,La Palma,ES707B00,La Palma,38009.0,Breña Baja,CALLE EL SOCORRO 91,,,-17.77341,28.655288,et57589c1s,228921.12,3172943.2,4.0,20.0
1334.0,APARTAMENTOS OASIS SAN ANTONIO,ALOJAMIENTOS,A2,5510_L6,Apartamentos,2,2 Estrellas,ES707,La Palma,ES707B0,La Palma,ES707B00,La Palma,38009.0,Breña Baja,"URBANIZACIÓN SAN ANTONIO DEL MAR, S/N",,,-17.759787,28.646224,et56gygsqg,230230.0,3171907.53,68.0,136.0
1335.0,APARTAMENTOS EL CERRITO,ALOJAMIENTOS,A3,5510_L6,Apartamentos,3,3 Estrellas,ES707,La Palma,ES707B0,La Palma,ES707B00,La Palma,38009.0,Breña Baja,"PLAYA DE LOS LOS CANCAJOS, S/N",,,-17.760268,28.646906,et56gz527f,230184.71,3171984.22,37.0,74.0
1336.0,APARTAMENTOS LA CALETA,ALOJAMIENTOS,A3,5510_L6,Apartamentos,3,3 Estrellas,ES707,La Palma,ES707B0,La Palma,ES707B00,La Palma,38009.0,Breña Baja,"LOS CANCAJOS, S/N",,,-17.759217,28.645979,et56gyu4um,230285.11,3171879.09,62.0,186.0
,APARTAMENTOS SONVIDA,ALOJAMIENTOS,A2,5510_L6,Apartamentos,2,2 Estrellas,ES707,La Palma,ES700B9,Islas de Canarias sin entidades,ES700B99,Islas de Canarias sin núcleos turísticos,38024.0,Los Llanos de Aridane,APARTADO DE CORREOS 221,Menor de 20 apartamentos,Menor de 50 plazas,-17.91384,28.61851,et56b3gdck,215089.45,3169192.98,,
,APARTAMENTOS TAMARA,ALOJAMIENTOS,A1,5510_L6,Apartamentos,1,1 Estrella,ES707,La Palma,ES700B9,Islas de Canarias sin entidades,ES700B99,Islas de Canarias sin núcleos turísticos,38027.0,El Paso,"URBANIZACIÓN CELTA, S/N",Menor de 20 apartamentos,Menor de 50 plazas,-17.898875,28.647573,et56bxnkjy,216631.56,3172379.35,,
,APARTAMENTOS BAYANA,ALOJAMIENTOS,A1,5510_L6,Apartamentos,1,1 Estrella,ES707,La Palma,ES700B9,Islas de Canarias sin entidades,ES700B99,Islas de Canarias sin núcleos turísticos,38024.0,Los Llanos de Aridane,"M. RGUEZ. QUINTERO, 7",Menor de 20 apartamentos,Menor de 50 plazas,-17.907793,28.580797,et5686zznn,215579.37,3164997.56,,
,APARTAMENTOS TANAUSÚ,ALOJAMIENTOS,A1,5510_L6,Apartamentos,1,1 Estrella,ES707,La Palma,ES700B9,Islas de Canarias sin entidades,ES700B99,Islas de Canarias sin núcleos turísticos,38024.0,Los Llanos de Aridane,"TRES, 2º. PUERTO NAOS",Menor de 20 apartamentos,Menor de 50 plazas,-17.909545,28.585921,et5687ytj3,215421.68,3165569.8,,
,APARTAMENTOS BAYANES,ALOJAMIENTOS,A1,5510_L6,Apartamentos,1,1 Estrella,ES707,La Palma,ES700B9,Islas de Canarias sin entidades,ES700B99,Islas de Canarias sin núcleos turísticos,38045.0,Tazacorte,APARTADO DE CORREOS 4,Menor de 20 apartamentos,Menor de 50 plazas,-17.907794,28.580796,et5686zznn,215579.25,3164997.48,,
,APARTAMENTOS ABEL,ALOJAMIENTOS,A1,5510_L6,Apartamentos,1,1 Estrella,ES707,La Palma,ES700B9,Islas de Canarias sin entidades,ES700B99,Islas de Canarias sin núcleos turísticos,38024.0,Los Llanos de Aridane,"CALLE MAURICIO DUQUE CAMACHO, 9",Menor de 20 apartamentos,Menor de 50 plazas,-17.910389,28.587813,et568kq01d,215344.24,3165781.52,,
,APARTAMENTOS VENERANDA,ALOJAMIENTOS,A1,5510_L6,Apartamentos,1,1 Estrella,ES707,La Palma,ES700B9,Islas de Canarias sin entidades,ES700B99,Islas de Canarias sin núcleos turísticos,38027.0,El Paso,"CALLE EL PARAISO, 1",Menor de 20 apartamentos,Menor de 50 plazas,-17.883331,28.615901,et56c13g8n,218066.96,3168831.37,,
,APARTAMENTOS BELLAVISTA,ALOJAMIENTOS,A1,5510_L6,Apartamentos,1,1 Estrella,ES707,La Palma,ES700B9,Islas de Canarias sin entidades,ES700B99,Islas de Canarias sin núcleos turísticos,38027.0,El Paso,"SANTA ANA, 14",Menor de 20 apartamentos,Menor de 50 plazas,-17.896194,28.645664,et56byb3h6,216888.59,3172161.35,,
,APARTAMENTOS VISTA VALLE HEINZ,ALOJAMIENTOS,A1,5510_L6,Apartamentos,1,1 Estrella,ES707,La Palma,ES700B9,Islas de Canarias sin entidades,ES700B99,Islas de Canarias sin núcleos turísticos,38027.0,El Paso,URBANIZACIÓN VISTA VALLE,Menor de 20 apartamentos,Menor de 50 plazas,-17.890727,28.637563,et56bvk3gu,217401.54,3171250.3,,
,APARTAMENTOS VISTA VALLE OBIJÓN,ALOJAMIENTOS,A1,5510_L6,Apartamentos,1,1 Estrella,ES707,La Palma,ES700B9,Islas de Canarias sin entidades,ES700B99,Islas de Canarias sin núcleos turísticos,38027.0,El Paso,URBANIZACIÓN VISTA VALLE,Menor de 20 apartamentos,Menor de 50 plazas,-17.890953,28.641138,et56bvunwx,217389.08,3171647.21,,
,APARTAMENTOS VISTABELLA,ALOJAMIENTOS,A2,5510_L6,Apartamentos,2,2 Estrellas,ES707,La Palma,ES700B9,Islas de Canarias sin entidades,ES700B99,Islas de Canarias sin núcleos turísticos,38009.0,Breña Baja,"CALLE SAN JOSÉ 312, 314",Menor de 20 apartamentos,Menor de 50 plazas,-17.773509,28.640471,et56gtcdz4,228873.33,3171300.85,,
,APARTHOTEL LAS OLAS,ALOJAMIENTOS,H3,5510_L1,Hotel,3,3 Estrellas,ES707,La Palma,ES700B9,Islas de Canarias sin entidades,ES700B99,Islas de Canarias sin núcleos turísticos,38009.0,Breña Baja,"CALLESALINAS, 42",De 150 a 299 habitaciones,De 350 a 649 plazas,-17.75914,28.644635,et56gys5n4,230289.23,3171729.89,,
,APARTHOTEL VISTA HERMOSA I & II,ALOJAMIENTOS,H3,5510_L1,Hotel,3,3 Estrellas,ES707,La Palma,ES700B9,Islas de Canarias sin entidades,ES700B99,Islas de Canarias sin núcleos turísticos,38045.0,Tazacorte,CARRETERA LAS ANGUSTIAS,Menor de 50 habitaciones,Menor de 100 plazas,-17.934073,28.666923,et55pfsucv,213242.06,3174608.63,,
,HOTEL APART. CASTILLETE,ALOJAMIENTOS,H3,5510_L1,Hotel,3,3 Estrellas,ES707,La Palma,ES700B9,Islas de Canarias sin entidades,ES700B99,Islas de Canarias sin núcleos turísticos,38037.0,Santa Cruz de La Palma,"AVENIDA MARITIMA, 75",Menor de 50 habitaciones,De 100 a 349 plazas,-17.759854,28.687379,et575y7sj7,230328.96,3176469.93,,
,HOTEL APARTAMENTO EL GALEON,ALOJAMIENTOS,H3,5510_L1,Hotel,3,3 Estrellas,ES707,La Palma,ES700B9,Islas de Canarias sin entidades,ES700B99,Islas de Canarias sin núcleos turísticos,38037.0,Santa Cruz de La Palma,CALLE GALEÓN 10,Menor de 50 habitaciones,Menor de 100 plazas,-17.771228,28.678524,et575sg2s2,229194.32,3175514.05,,
,HOTEL ARMINDA,ALOJAMIENTOS,H1,5510_L1,Hotel,1,1 Estrella,ES707,La Palma,ES700B9,Islas de Canarias sin entidades,ES700B99,Islas de Canarias sin núcleos turísticos,38053.0,Villa de Mazo,"CALLE LOREDO, 181",Menor de 50 habitaciones,Menor de 100 plazas,-17.771205,28.616439,et56g97quf,229036.83,3168631.58,,
,HOTEL DON PANCHO,ALOJAMIENTOS,H3,5510_L1,Hotel,3,3 Estrellas,ES707,La Palma,ES700B9,Islas de Canarias sin entidades,ES700B99,Islas de Canarias sin núcleos turísticos,38045.0,Tazacorte,CALLE MARIANO S/N,Menor de 50 habitaciones,Menor de 100 plazas,-17.946685,28.651852,et54zxgt5u,211967.57,3172968.23,,
,HOTEL EDEN,ALOJAMIENTOS,H1,5510_L1,Hotel,1,1 Estrella,ES707,La Palma,ES700B9,Islas de Canarias sin entidades,ES700B99,Islas de Canarias sin núcleos turísticos,38024.0,Los Llanos de Aridane,"CALLE ANGEL, 1, ESQ. PLAZA ESPAÑA",Menor de 50 habitaciones,Menor de 100 plazas,-17.912326,28.658901,et5703hwhw,215346.75,3173667.18,,
,HOTEL LA PALMA PRINCESS,ALOJAMIENTOS,H4,5510_L1,Hotel,4,4 Estrellas,ES707,La Palma,ES700B9,Islas de Canarias sin entidades,ES700B99,Islas de Canarias sin núcleos turísticos,38014.0,Fuencaliente de La Palma,"CALLE CTRA- LA COSTA CERCA VIEJA, 10",300 o más habitaciones,650 o más plazas,-17.873682,28.502574,et561k8z90,218709.43,3156245.17,,
,HOTEL LA PALMA ROMANTICA,ALOJAMIENTOS,H3,5510_L1,Hotel,3,3 Estrellas,ES707,La Palma,ES700B9,Islas de Canarias sin entidades,ES700B99,Islas de Canarias sin núcleos turísticos,38007.0,Barlovento,"LAS LLANADAS, S/N.",Menor de 50 habitaciones,Menor de 100 plazas,-17.805544,28.82208,et57fyfkuc,226214.62,3191507.03,,
,HOTEL MARITIMO,ALOJAMIENTOS,H3,5510_L1,Hotel,3,3 Estrellas,ES707,La Palma,ES700B9,Islas de Canarias sin entidades,ES700B99,Islas de Canarias sin núcleos turísticos,38037.0,Santa Cruz de La Palma,"AVENIDA MARITIMA, 75",De 50 a 149 habitaciones,De 100 a 349 plazas,-17.759804,28.687562,et575y7tnt,230334.28,3176490.17,,
,"APARTAMENTOS CANCAJOS, LOS",ALOJAMIENTOS,A2,5510_L6,Apartamentos,2,2 Estrellas,ES707,La Palma,ES700B9,Islas de Canarias sin entidades,ES700B99,Islas de Canarias sin núcleos turísticos,38009.0,Breña Baja,"CARRETERA DE LOS CANCAJOS, S/N",Menor de 20 apartamentos,Menor de 50 plazas,-17.761201,28.65078,et56gzdwyh,230103.39,3172415.84,,
,"APARTAMENTOS ADELFAS, LAS",ALOJAMIENTOS,A1,5510_L6,Apartamentos,1,1 Estrella,ES707,La Palma,ES700B9,Islas de Canarias sin entidades,ES700B99,Islas de Canarias sin núcleos turísticos,38009.0,Breña Baja,"PLAYA DE LOS LOS CANCAJOS, S/N",Menor de 20 apartamentos,Menor de 50 plazas,-17.761623,28.651961,et56gzfmu0,230065.16,3172547.68,,
,HOTEL SOL LA PALMA,ALOJAMIENTOS,H4,5510_L1,Hotel,4,4 Estrellas,ES707,La Palma,ES700B9,Islas de Canarias sin entidades,ES700B99,Islas de Canarias sin núcleos turísticos,38024.0,Los Llanos de Aridane,PUNTA DEL POZO S/N,300 o más habitaciones,650 o más plazas,-17.908674,28.582211,et5687pr3w,215496.95,3165156.43,,
,HOTEL TABURIENTE PLAYA,ALOJAMIENTOS,H4,5510_L1,Hotel,4,4 Estrellas,ES707,La Palma,ES700B9,Islas de Canarias sin entidades,ES700B99,Islas de Canarias sin núcleos turísticos,38009.0,Breña Baja,URBANIZACIÓN LAS SALINAS II,De 150 a 299 habitaciones,De 350 a 649 plazas,-17.758258,28.649486,et56gzkz6e,230387.89,3172265.7,,
,HOTEL TROCADERO PLAZA,ALOJAMIENTOS,H2,5510_L1,Hotel,2,2 Estrellas,ES707,La Palma,ES700B9,Islas de Canarias sin entidades,ES700B99,Islas de Canarias sin núcleos turísticos,38024.0,Los Llanos de Aridane,"CALLE LAS ADELFAS, 12",Menor de 50 habitaciones,Menor de 100 plazas,-17.910776,28.656676,et5702vc0x,215492.32,3173416.9,,
,HOTEL VALLE ARIDANE,ALOJAMIENTOS,H3,5510_L1,Hotel,3,3 Estrellas,ES707,La Palma,ES700B9,Islas de Canarias sin entidades,ES700B99,Islas de Canarias sin núcleos turísticos,38024.0,Los Llanos de Aridane,"CALLE GLORIETA CASTILLO OLIVARES, 3",Menor de 50 habitaciones,Menor de 100 plazas,-17.916106,28.658267,et57031fs2,214975.35,3173605.92,,
,PARADOR NACIONAL DE LA PALMA,ALOJAMIENTOS,H4,5510_L1,Hotel,4,4 Estrellas,ES707,La Palma,ES700B9,Islas de Canarias sin entidades,ES700B99,Islas de Canarias sin núcleos turísticos,38009.0,Breña Baja,"CARRETERA DEL ZUMACAL, S/N",De 50 a 149 habitaciones,De 100 a 349 plazas,-17.774983,28.651286,et56gxb9uf,228756.98,3172503.09,,
,PENSION CANARIAS,ALOJAMIENTOS,H2,5510_L1,Hotel,2,2 Estrellas,ES707,La Palma,ES700B9,Islas de Canarias sin entidades,ES700B99,Islas de Canarias sin núcleos turísticos,38037.0,Santa Cruz de La Palma,"CALLE A. CABRERA PINTO, 27",Menor de 50 habitaciones,Menor de 100 plazas,-17.765497,28.683785,et575txx1v,229768.14,3176084.34,,
,PENSION CENTRAL,ALOJAMIENTOS,H1,5510_L1,Hotel,1,1 Estrella,ES707,La Palma,ES700B9,Islas de Canarias sin entidades,ES700B99,Islas de Canarias sin núcleos turísticos,38014.0,Fuencaliente de La Palma,"CALLE YAIZA, 1",Menor de 50 habitaciones,Menor de 100 plazas,-17.844397,28.494633,et561gq172,221556.37,3155296.41,,
,PENSION EL PORVENIR,ALOJAMIENTOS,H1,5510_L1,Hotel,1,1 Estrella,ES707,La Palma,ES700B9,Islas de Canarias sin entidades,ES700B99,Islas de Canarias sin núcleos turísticos,38024.0,Los Llanos de Aridane,"CALLE FERNANDES TAÑO, 33",Menor de 50 habitaciones,Menor de 100 plazas,-17.910776,28.659399,et5703mc0e,215499.65,3173718.69,,
,PENSION FUENCALIENTE,ALOJAMIENTOS,H1,5510_L1,Hotel,1,1 Estrella,ES707,La Palma,ES700B9,Islas de Canarias sin entidades,ES700B99,Islas de Canarias sin núcleos turísticos,38014.0,Fuencaliente de La Palma,LOS CANARIOS,Menor de 50 habitaciones,Menor de 100 plazas,-17.844399,28.494626,et561gq15r,221556.21,3155295.66,,
,PENSION LA CUBANA,ALOJAMIENTOS,H1,5510_L1,Hotel,1,1 Estrella,ES707,La Palma,ES700B9,Islas de Canarias sin entidades,ES700B99,Islas de Canarias sin núcleos turísticos,38037.0,Santa Cruz de La Palma,"CALLE O´DALY, 24",Menor de 50 habitaciones,Menor de 100 plazas,-17.765758,28.682175,et575trmgb,229738.44,3175906.38,,
,PENSION LAS LONJAS,ALOJAMIENTOS,H1,5510_L1,Hotel,1,1 Estrella,ES707,La Palma,ES700B9,Islas de Canarias sin entidades,ES700B99,Islas de Canarias sin núcleos turísticos,38033.0,San Andrés y Sauces,"SAN SEBASTIÁN, 16",Menor de 50 habitaciones,Menor de 100 plazas,-17.760864,28.798554,et57gfdgtz,230516.04,3188796.8,,
,APARTAMENTOS CASA CALMA,ALOJAMIENTOS,A1,5510_L6,Apartamentos,1,1 Estrella,ES707,La Palma,ES700B9,Islas de Canarias sin entidades,ES700B99,Islas de Canarias sin núcleos turísticos,38024.0,Los Llanos de Aridane,"CALLE ECHEDEY, 25",Menor de 20 apartamentos,Menor de 50 plazas,-17.917805,28.656574,et5702b8su,214804.65,3173422.38,,
,PENSION MAR Y MONTE,ALOJAMIENTOS,H1,5510_L1,Hotel,1,1 Estrella,ES707,La Palma,ES700B9,Islas de Canarias sin entidades,ES700B99,Islas de Canarias sin núcleos turísticos,38029.0,Puntagorda,"PINO DE LA VIRGEN, 7B",Menor de 50 habitaciones,Menor de 100 plazas,-17.981112,28.765572,et55wude9e,208916.18,3185659.7,,
,PENSION MONTEMAR,ALOJAMIENTOS,H1,5510_L1,Hotel,1,1 Estrella,ES707,La Palma,ES700B9,Islas de Canarias sin entidades,ES700B99,Islas de Canarias sin núcleos turísticos,38024.0,Los Llanos de Aridane,"CAMINO LA JURONA, 47",Menor de 50 habitaciones,Menor de 100 plazas,-17.886472,28.606056,et568zx6qg,217733.37,3167747.37,,
,PENSION MONTERREY,ALOJAMIENTOS,H2,5510_L1,Hotel,2,2 Estrellas,ES707,La Palma,ES700B9,Islas de Canarias sin entidades,ES700B99,Islas de Canarias sin núcleos turísticos,38027.0,El Paso,"CARRETERA GENERAL, KM. 1",Menor de 50 habitaciones,Menor de 100 plazas,-17.881881,28.649474,et56cp6z3c,218298.6,3172549.84,,
,APARTAMENTOS CASA DE LAS PALMERAS,ALOJAMIENTOS,A1,5510_L6,Apartamentos,1,1 Estrella,ES707,La Palma,ES700B9,Islas de Canarias sin entidades,ES700B99,Islas de Canarias sin núcleos turísticos,38027.0,El Paso,"CALLE TAMARAHOYA, 20",Menor de 20 apartamentos,Menor de 50 plazas,-17.893438,28.64157,et56by43hx,217147.19,3171700.96,,
,PENSION NAMBROQUE,ALOJAMIENTOS,H2,5510_L1,Hotel,2,2 Estrellas,ES707,La Palma,ES700B9,Islas de Canarias sin entidades,ES700B99,Islas de Canarias sin núcleos turísticos,38027.0,El Paso,MONTELUJAN,Menor de 50 habitaciones,Menor de 100 plazas,-17.85239,28.653357,et571b0mch,221192.91,3172911.12,,
,PENSION RESIDENCIA EL DRAGO,ALOJAMIENTOS,H1,5510_L1,Hotel,1,1 Estrella,ES707,La Palma,ES700B9,Islas de Canarias sin entidades,ES700B99,Islas de Canarias sin núcleos turísticos,38033.0,San Andrés y Sauces,"AVENIDA LOS SAUCES, 36",Menor de 50 habitaciones,Menor de 100 plazas,-17.772901,28.801339,et57ge45vq,229347.78,3189132.87,,
,PENSION ROCHA,ALOJAMIENTOS,H1,5510_L1,Hotel,1,1 Estrella,ES707,La Palma,ES700B9,Islas de Canarias sin entidades,ES700B99,Islas de Canarias sin núcleos turísticos,38024.0,Los Llanos de Aridane,"CALLE LA PASION,  5",Menor de 50 habitaciones,Menor de 100 plazas,-17.91495,28.658458,et57034ex7,215088.91,3173624.35,,
,PENSION TIME,ALOJAMIENTOS,H1,5510_L1,Hotel,1,1 Estrella,ES707,La Palma,ES700B9,Islas de Canarias sin entidades,ES700B99,Islas de Canarias sin núcleos turísticos,38024.0,Los Llanos de Aridane,"CALLE IGLESIA, 3",Menor de 50 habitaciones,Menor de 100 plazas,-17.913501,28.65906,et57035z15,215232.25,3173687.7,,
,APARTAMENTOS ATLÁNTICO PLAYA,ALOJAMIENTOS,A2,5510_L6,Apartamentos,2,2 Estrellas,ES707,La Palma,ES700B9,Islas de Canarias sin entidades,ES700B99,Islas de Canarias sin núcleos turísticos,38024.0,Los Llanos de Aridane,"AVENIDA MARÍTIMA, 29",De 20 a 39 apartamentos,De 50 a 119 plazas,-17.909764,28.585624,et5687ye26,215399.49,3165537.45,,
,APARTAMENTOS BREÑAS GARDEN + (LOS MOLINOS),ALOJAMIENTOS,A3,5510_L6,Apartamentos,3,3 Estrellas,ES707,La Palma,ES700B9,Islas de Canarias sin entidades,ES700B99,Islas de Canarias sin núcleos turísticos,38009.0,Breña Baja,"URBANIZACIÓN FINCA AMADO II, Nº 68-69 Y 70",De 40 a 79 apartamentos,De 120 a 259 plazas,-17.775183,28.636477,et56gt0e84,228699.33,3170861.91,,
,APARTAMENTOS COLÓN,ALOJAMIENTOS,A2,5510_L6,Apartamentos,2,2 Estrellas,ES707,La Palma,ES700B9,Islas de Canarias sin entidades,ES700B99,Islas de Canarias sin núcleos turísticos,38014.0,Fuencaliente de La Palma,"LOS QUEMADOS, 54",Menor de 20 apartamentos,Menor de 50 plazas,-17.856626,28.491504,et561dtpn3,220350.42,3154978.08,,
,APARTAMENTOS COLÓN II,ALOJAMIENTOS,A2,5510_L6,Apartamentos,2,2 Estrellas,ES707,La Palma,ES700B9,Islas de Canarias sin entidades,ES700B99,Islas de Canarias sin núcleos turísticos,38014.0,Fuencaliente de La Palma,LOS QUEMADOS,Menor de 20 apartamentos,Menor de 50 plazas,-17.856869,28.491475,et561dtnbg,220326.57,3154975.38,,
,APARTAMENTOS ADJOVIMAR,ALOJAMIENTOS,A1,5510_L6,Apartamentos,1,1 Estrella,ES707,La Palma,ES700B9,Islas de Canarias sin entidades,ES700B99,Islas de Canarias sin núcleos turísticos,38024.0,Los Llanos de Aridane,"P. M. HDEZ. CAMACHO, 52",Menor de 20 apartamentos,Menor de 50 plazas,-17.911012,28.652357,et5702j854,215457.56,3172938.6,,
,APARTAMENTOS CENTRAL,ALOJAMIENTOS,A1,5510_L6,Apartamentos,1,1 Estrella,ES707,La Palma,ES700B9,Islas de Canarias sin entidades,ES700B99,Islas de Canarias sin núcleos turísticos,38014.0,Fuencaliente de La Palma,"CALLE YAIZA, 4",Menor de 20 apartamentos,Menor de 50 plazas,-17.844439,28.494634,et561gq162,221552.26,3155296.64,,
,APARTAMENTOS CENTROCANCAJOS,ALOJAMIENTOS,A3,5510_L6,Apartamentos,3,3 Estrellas,ES707,La Palma,ES700B9,Islas de Canarias sin entidades,ES700B99,Islas de Canarias sin núcleos turísticos,38009.0,Breña Baja,"PLAYA DE LOS LOS CANCAJOS, S/N",De 40 a 79 apartamentos,De 50 a 119 plazas,-17.759959,28.650689,et56gzew6g,230224.6,3172402.92,,
,APARTAMENTOS CHIPI-CHIPI,ALOJAMIENTOS,A1,5510_L6,Apartamentos,1,1 Estrella,ES707,La Palma,ES700B9,Islas de Canarias sin entidades,ES700B99,Islas de Canarias sin núcleos turísticos,38037.0,Santa Cruz de La Palma,"LOS ALAMOS, 42. VELHOCO",Menor de 20 apartamentos,Menor de 50 plazas,-17.786469,28.681643,et575m269j,227712.4,3175894.54,,
,APARTAMENTOS CRUZ CHICA,ALOJAMIENTOS,A3,5510_L6,Apartamentos,3,3 Estrellas,ES707,La Palma,ES700B9,Islas de Canarias sin entidades,ES700B99,Islas de Canarias sin núcleos turísticos,38024.0,Los Llanos de Aridane,"CALLE CRUZ CHICA, 5-7",Menor de 20 apartamentos,Menor de 50 plazas,-17.906878,28.632605,et56bs2t52,215808.54,3170738.97,,
,APARTAMENTOS CUMPLIDOS,ALOJAMIENTOS,A1,5510_L6,Apartamentos,1,1 Estrella,ES707,La Palma,ES700B9,Islas de Canarias sin entidades,ES700B99,Islas de Canarias sin núcleos turísticos,38024.0,Los Llanos de Aridane,CAMINO CUMPLIDOS,Menor de 20 apartamentos,Menor de 50 plazas,-17.896064,28.626228,et56bg0rz7,216849.12,3170006.3,,
,"APARTAMENTOS DRAGO, EL",ALOJAMIENTOS,A2,5510_L6,Apartamentos,2,2 Estrellas,ES707,La Palma,ES700B9,Islas de Canarias sin entidades,ES700B99,Islas de Canarias sin núcleos turísticos,38009.0,Breña Baja,"CAMINO EL DRAGO, 4",Menor de 20 apartamentos,Menor de 50 plazas,-17.767307,28.656388,et5758wpx9,229520.75,3173051.25,,
,APARTAMENTOS EL CASTAÑO,ALOJAMIENTOS,A2,5510_L6,Apartamentos,2,2 Estrellas,ES707,La Palma,ES700B9,Islas de Canarias sin entidades,ES700B99,Islas de Canarias sin núcleos turísticos,38024.0,Los Llanos de Aridane,"CALLE C, 9 URBANIZACIÓN CELTA",Menor de 20 apartamentos,Menor de 50 plazas,-17.898552,28.648246,et56bxq8js,216664.96,3172453.24,,
,APARTAMENTOS EL CERRITO,ALOJAMIENTOS,A3,5510_L6,Apartamentos,3,3 Estrellas,ES707,La Palma,ES700B9,Islas de Canarias sin entidades,ES700B99,Islas de Canarias sin núcleos turísticos,38009.0,Breña Baja,"PLAYA DE LOS LOS CANCAJOS, S/N",De 20 a 39 apartamentos,De 50 a 119 plazas,-17.760268,28.646906,et56gz527f,230184.74,3171984.22,,
,APARTAMENTOS EL PARADISO,ALOJAMIENTOS,A1,5510_L6,Apartamentos,1,1 Estrella,ES707,La Palma,ES700B9,Islas de Canarias sin entidades,ES700B99,Islas de Canarias sin núcleos turísticos,38024.0,Los Llanos de Aridane,CAMINO EL CORUJO 11,Menor de 20 apartamentos,Menor de 50 plazas,-17.914422,28.619518,et56b650g8,215035.27,3169306.06,,
,APARTAMENTOS ELIDA,ALOJAMIENTOS,A1,5510_L6,Apartamentos,1,1 Estrella,ES707,La Palma,ES700B9,Islas de Canarias sin entidades,ES700B99,Islas de Canarias sin núcleos turísticos,38027.0,El Paso,"CALLE EL PILAR, 3",Menor de 20 apartamentos,Menor de 50 plazas,-17.869713,28.653509,et57125wv9,219499.36,3172968.49,,
,APARTAMENTOS EVA,ALOJAMIENTOS,A2,5510_L6,Apartamentos,2,2 Estrellas,ES707,La Palma,ES700B9,Islas de Canarias sin entidades,ES700B99,Islas de Canarias sin núcleos turísticos,38014.0,Fuencaliente de La Palma,CARRETERA GENERAL LOS QUEMADOS,Menor de 20 apartamentos,Menor de 50 plazas,-17.855833,28.491175,et561dtv0g,220427.25,3154939.74,,
,APARTAMENTOS FERNÁNDEZ,ALOJAMIENTOS,A1,5510_L6,Apartamentos,1,1 Estrella,ES707,La Palma,ES700B9,Islas de Canarias sin entidades,ES700B99,Islas de Canarias sin núcleos turísticos,38024.0,Los Llanos de Aridane,CALLE MAURICIO DUQUE CAMACHO,Menor de 20 apartamentos,Menor de 50 plazas,-17.910658,28.588268,et568kmfer,215319.09,3165832.69,,
,APARTAMENTOS FINCA ALCALA,ALOJAMIENTOS,A1,5510_L6,Apartamentos,1,1 Estrella,ES707,La Palma,ES700B9,Islas de Canarias sin entidades,ES700B99,Islas de Canarias sin núcleos turísticos,38027.0,El Paso,"CALLEALCALA, 24",Menor de 20 apartamentos,Menor de 50 plazas,-17.879979,28.617118,et56c1s4y3,218398.12,3168958.35,,
,APARTAMENTOS FINCA LA CRUZ,ALOJAMIENTOS,A1,5510_L6,Apartamentos,1,1 Estrella,ES707,La Palma,ES700B9,Islas de Canarias sin entidades,ES700B99,Islas de Canarias sin núcleos turísticos,38045.0,Tazacorte,"CALLE FINCA LA CRUZ,16",Menor de 20 apartamentos,Menor de 50 plazas,-17.931241,28.646206,et54zyyu5z,213462.53,3172305.09,,
,APARTAMENTOS FINCA SITIO MOLINA,ALOJAMIENTOS,A3,5510_L6,Apartamentos,3,3 Estrellas,ES707,La Palma,ES700B9,Islas de Canarias sin entidades,ES700B99,Islas de Canarias sin núcleos turísticos,38009.0,Breña Baja,"SAN ANTONIO, 288",Menor de 20 apartamentos,Menor de 50 plazas,-17.766711,28.6416,et56gwn9mt,229541.03,3171410.61,,
,"APARTAMENTOS FLORES, LAS",ALOJAMIENTOS,A1,5510_L6,Apartamentos,1,1 Estrella,ES707,La Palma,ES700B9,Islas de Canarias sin entidades,ES700B99,Islas de Canarias sin núcleos turísticos,38024.0,Los Llanos de Aridane,"TODOQUE, 386",Menor de 20 apartamentos,Menor de 50 plazas,-17.906,28.614218,et56b911zu,215844.78,3168698.43,,
,APARTAMENTOS FLORIDA,ALOJAMIENTOS,A1,5510_L6,Apartamentos,1,1 Estrella,ES707,La Palma,ES700B9,Islas de Canarias sin entidades,ES700B99,Islas de Canarias sin núcleos turísticos,38045.0,Tazacorte,"AVENIDA FELIPE LORENZO, 18",Menor de 20 apartamentos,Menor de 50 plazas,-17.931088,28.639235,et54zvwgxk,213458.57,3171531.88,,
,APARTAMENTOS GARCÍA-PEREYRA,ALOJAMIENTOS,A2,5510_L6,Apartamentos,2,2 Estrellas,ES707,La Palma,ES700B9,Islas de Canarias sin entidades,ES700B99,Islas de Canarias sin núcleos turísticos,38024.0,Los Llanos de Aridane,"CALLE FERNÁNDEZ TAÑO, 14-2º DERECHA",Menor de 20 apartamentos,Menor de 50 plazas,-17.910422,28.586719,et568kn18y,215338.05,3165660.41,,
,APARTAMENTOS GUANCHES,ALOJAMIENTOS,A1,5510_L6,Apartamentos,1,1 Estrella,ES707,La Palma,ES700B9,Islas de Canarias sin entidades,ES700B99,Islas de Canarias sin núcleos turísticos,38027.0,El Paso,CAMINO GAMÉS,Menor de 20 apartamentos,Menor de 50 plazas,-17.883514,28.641728,et56cn1d5v,218118.13,3171695.02,,
,APARTAMENTOS H10 COSTA SALINAS,ALOJAMIENTOS,A3,5510_L6,Apartamentos,3,3 Estrellas,ES707,La Palma,ES700B9,Islas de Canarias sin entidades,ES700B99,Islas de Canarias sin núcleos turísticos,38009.0,Breña Baja,"PLAYA DE LOS CANCAJOS, S/N",De 40 a 79 apartamentos,De 120 a 259 plazas,-17.75834,28.648611,et56gzkf28,230377.58,3172168.84,,
,APARTAMENTOS HACIENDA EL PEDREGAL,ALOJAMIENTOS,A2,5510_L6,Apartamentos,2,2 Estrellas,ES707,La Palma,ES700B9,Islas de Canarias sin entidades,ES700B99,Islas de Canarias sin núcleos turísticos,38024.0,Los Llanos de Aridane,CALLE LA ORQUIDEA 1,Menor de 20 apartamentos,Menor de 50 plazas,-17.902871,28.625649,et56be5s2z,216181.76,3169958.28,,
,APARTAMENTOS HACIENDA SAN JORGE,ALOJAMIENTOS,A3,5510_L6,Apartamentos,3,3 Estrellas,ES707,La Palma,ES700B9,Islas de Canarias sin entidades,ES700B99,Islas de Canarias sin núcleos turísticos,38009.0,Breña Baja,"PLAYA DE LOS CANCAJOS, 22",90 o más apartamentos,260 o más plazas,-17.761069,28.651418,et56gzff95,230117.95,3172486.17,,
,APARTAMENTOS HERMOSILLA,ALOJAMIENTOS,A1,5510_L6,Apartamentos,1,1 Estrella,ES707,La Palma,ES700B9,Islas de Canarias sin entidades,ES700B99,Islas de Canarias sin núcleos turísticos,38027.0,El Paso,"CALLE RIQUIBAS, 7",Menor de 20 apartamentos,Menor de 50 plazas,-17.89419,28.656136,et570b9y54,217112.72,3173317.6,,
,APARTAMENTOS HORIZONTE,ALOJAMIENTOS,A2,5510_L6,Apartamentos,2,2 Estrellas,ES707,La Palma,ES700B9,Islas de Canarias sin entidades,ES700B99,Islas de Canarias sin núcleos turísticos,38024.0,Los Llanos de Aridane,"CALLE GABRIEL LORENZO CALERO, 19",Menor de 20 apartamentos,Menor de 50 plazas,-17.9114,28.586921,et568kj6fh,215242.84,3165685.09,,
,APARTAMENTOS ISA TAZACORTE,ALOJAMIENTOS,A1,5510_L6,Apartamentos,1,1 Estrella,ES707,La Palma,ES700B9,Islas de Canarias sin entidades,ES700B99,Islas de Canarias sin núcleos turísticos,38045.0,Tazacorte,"PROGRESO, 10",De 20 a 39 apartamentos,De 50 a 119 plazas,-17.934349,28.640815,et54zvusg6,213143.89,3171714.89,,
,APARTAMENTOS JARDIN DE ARIDANE,ALOJAMIENTOS,A1,5510_L6,Apartamentos,1,1 Estrella,ES707,La Palma,ES700B9,Islas de Canarias sin entidades,ES700B99,Islas de Canarias sin núcleos turísticos,38027.0,El Paso,"TAMARAHOYA, 19",Menor de 20 apartamentos,Menor de 50 plazas,-17.891603,28.640149,et56bvg8zq,217322.87,3171539.1,,
,APARTAMENTOS LA CALETA,ALOJAMIENTOS,A3,5510_L6,Apartamentos,3,3 Estrellas,ES707,La Palma,ES700B9,Islas de Canarias sin entidades,ES700B99,Islas de Canarias sin núcleos turísticos,38009.0,Breña Baja,"LOS CANCAJOS, S/N",De 40 a 79 apartamentos,De 120 a 259 plazas,-17.759217,28.645979,et56gyu4um,230285.1,3171879.04,,
,APARTAMENTOS LA CASCADA,ALOJAMIENTOS,A2,5510_L6,Apartamentos,2,2 Estrellas,ES707,La Palma,ES700B9,Islas de Canarias sin entidades,ES700B99,Islas de Canarias sin núcleos turísticos,38009.0,Breña Baja,URBANIZACIÓN SAN ANTONIO DEL MAR LOS CANCAJOS,De 40 a 79 apartamentos,De 120 a 259 plazas,-17.758554,28.646119,et56gyueex,230350.33,3171893.14,,
,APARTAMENTOS LA ERA,ALOJAMIENTOS,A2,5510_L6,Apartamentos,2,2 Estrellas,ES707,La Palma,ES700B9,Islas de Canarias sin entidades,ES700B99,Islas de Canarias sin núcleos turísticos,38024.0,Los Llanos de Aridane,"APDO. DE CORREOS, 34",Menor de 20 apartamentos,Menor de 50 plazas,-17.902077,28.625655,et56behhe2,216259.38,3169957.06,,
,APARTAMENTOS LA FUENTE,ALOJAMIENTOS,A3,5510_L6,Apartamentos,3,3 Estrellas,ES707,La Palma,ES700B9,Islas de Canarias sin entidades,ES700B99,Islas de Canarias sin núcleos turísticos,38037.0,Santa Cruz de La Palma,"PÉREZ DE BRITO, 49",Menor de 20 apartamentos,Menor de 50 plazas,-17.762642,28.685658,et575y1dh6,230052.01,3176285.47,,
,APARTAMENTOS LA PALMA JARDÍN,ALOJAMIENTOS,A3,5510_L6,Apartamentos,3,3 Estrellas,ES707,La Palma,ES700B9,Islas de Canarias sin entidades,ES700B99,Islas de Canarias sin núcleos turísticos,38024.0,Los Llanos de Aridane,"URBANIZACIÓN CELTA, S/N",De 20 a 39 apartamentos,De 50 a 119 plazas,-17.914096,28.647097,et56br537m,215141.75,3172362.84,,
,APARTAMENTOS LA PLANTACIÓN,ALOJAMIENTOS,A1,5510_L6,Apartamentos,1,1 Estrella,ES707,La Palma,ES700B9,Islas de Canarias sin entidades,ES700B99,Islas de Canarias sin núcleos turísticos,38024.0,Los Llanos de Aridane,"CALLE LA LAGUNA, S/N",Menor de 20 apartamentos,Menor de 50 plazas,-17.90205,28.626311,et56bek0k5,216263.81,3170029.71,,
,APARTAMENTOS LA VILLA,ALOJAMIENTOS,A1,5510_L6,Apartamentos,1,1 Estrella,ES707,La Palma,ES700B9,Islas de Canarias sin entidades,ES700B99,Islas de Canarias sin núcleos turísticos,38027.0,El Paso,URBANIZACIÓN CELTA S/N,De 20 a 39 apartamentos,De 50 a 119 plazas,-17.896589,28.648772,et56bz255q,216858.4,3172506.84,,
,APARTAMENTOS LAGO AZUL,ALOJAMIENTOS,A2,5510_L6,Apartamentos,2,2 Estrellas,ES707,La Palma,ES700B9,Islas de Canarias sin entidades,ES700B99,Islas de Canarias sin núcleos turísticos,38009.0,Breña Baja,SAN ANTONIO DEL MAR,De 40 a 79 apartamentos,De 120 a 259 plazas,-17.75783,28.646022,et56gyv5ht,230420.82,3171880.73,,
,APARTAMENTOS LAS ALAS,ALOJAMIENTOS,A1,5510_L6,Apartamentos,1,1 Estrella,ES707,La Palma,ES700B9,Islas de Canarias sin entidades,ES700B99,Islas de Canarias sin núcleos turísticos,38027.0,El Paso,"TAJUYA, 4",Menor de 20 apartamentos,Menor de 50 plazas,-17.889472,28.637339,et56bvm294,217523.66,3171222.54,,
,APARTAMENTOS LAS MESITAS,ALOJAMIENTOS,A1,5510_L6,Apartamentos,1,1 Estrella,ES707,La Palma,ES700B9,Islas de Canarias sin entidades,ES700B99,Islas de Canarias sin núcleos turísticos,38009.0,Breña Baja,"CALLE LA POLVACERA, Nº 82",Menor de 20 apartamentos,Menor de 50 plazas,-17.767956,28.634219,et56gsty2t,229400.33,3170595.25,,
,APARTAMENTOS LAS PALMERAS,ALOJAMIENTOS,A1,5510_L6,Apartamentos,1,1 Estrella,ES707,La Palma,ES700B9,Islas de Canarias sin entidades,ES700B99,Islas de Canarias sin núcleos turísticos,38027.0,El Paso,"TABURIENTE, 65",Menor de 20 apartamentos,Menor de 50 plazas,-17.889867,28.642616,et56byhzrf,217499.21,3171808.47,,
,APARTAMENTOS LEYMA,ALOJAMIENTOS,A1,5510_L6,Apartamentos,1,1 Estrella,ES707,La Palma,ES700B9,Islas de Canarias sin entidades,ES700B99,Islas de Canarias sin núcleos turísticos,38045.0,Tazacorte,"AVENIDA FELIPE LORENZO, 15",Menor de 20 apartamentos,Menor de 50 plazas,-17.931799,28.640012,et54zvy2nv,213391.1,3171619.77,,
,APARTAMENTOS LORENZO,ALOJAMIENTOS,A1,5510_L6,Apartamentos,1,1 Estrella,ES707,La Palma,ES700B9,Islas de Canarias sin entidades,ES700B99,Islas de Canarias sin núcleos turísticos,38024.0,Los Llanos de Aridane,MAXIMILIANO DARIAS,Menor de 20 apartamentos,Menor de 50 plazas,-17.910011,28.58723,et568knkdm,215379.59,3165716.05,,
,APARTAMENTOS LOS MORALES,ALOJAMIENTOS,A1,5510_L6,Apartamentos,1,1 Estrella,ES707,La Palma,ES700B9,Islas de Canarias sin entidades,ES700B99,Islas de Canarias sin núcleos turísticos,38008.0,Breña Alta,"CALLE LA LAGUNA, S/N",Menor de 20 apartamentos,Menor de 50 plazas,-17.780322,28.683335,et575msu83,228317.67,3176068.1,,
,APARTAMENTOS LOS ROSALES,ALOJAMIENTOS,A1,5510_L6,Apartamentos,1,1 Estrella,ES707,La Palma,ES700B9,Islas de Canarias sin entidades,ES700B99,Islas de Canarias sin núcleos turísticos,38009.0,Breña Baja,URBANIZACIÓN SAN ANTONIO DEL MAR,De 20 a 39 apartamentos,De 120 a 259 plazas,-17.759044,28.646476,et56gyumb6,230303.29,3171933.79,,
,APARTAMENTOS LOS VOLCANES,ALOJAMIENTOS,A1,5510_L6,Apartamentos,1,1 Estrella,ES707,La Palma,ES700B9,Islas de Canarias sin entidades,ES700B99,Islas de Canarias sin núcleos turísticos,38014.0,Fuencaliente de La Palma,"LOS CANARIOS, 86",Menor de 20 apartamentos,Menor de 50 plazas,-17.844452,28.494167,et561gnnd1,221549.75,3155244.97,,
,APARTAMENTOS LUNA BAILADORA,ALOJAMIENTOS,A1,5510_L6,Apartamentos,1,1 Estrella,ES707,La Palma,ES700B9,Islas de Canarias sin entidades,ES700B99,Islas de Canarias sin núcleos turísticos,38027.0,El Paso,"CALLE ECHEDEY, 24",Menor de 20 apartamentos,Menor de 50 plazas,-17.882066,28.63949,et56cjdtje,218253.76,3171443.52,,
,APARTAMENTOS LUZ Y MAR,ALOJAMIENTOS,A2,5510_L6,Apartamentos,2,2 Estrellas,ES707,La Palma,ES700B9,Islas de Canarias sin entidades,ES700B99,Islas de Canarias sin núcleos turísticos,38045.0,Tazacorte,PUERTO DE TAZACORTE,Menor de 20 apartamentos,Menor de 50 plazas,-17.946548,28.651938,et54zxgtxh,211981.21,3172977.44,,
,APARTAMENTOS MARTA Y CARLOS,ALOJAMIENTOS,A1,5510_L6,Apartamentos,1,1 Estrella,ES707,La Palma,ES700B9,Islas de Canarias sin entidades,ES700B99,Islas de Canarias sin núcleos turísticos,38024.0,Los Llanos de Aridane,APARTADO DE CORREOS 105,Menor de 20 apartamentos,Menor de 50 plazas,-17.903052,28.573243,et5689e7hw,216022.93,3164148.91,,
,APARTAMENTOS MARTÍN,ALOJAMIENTOS,A1,5510_L6,Apartamentos,1,1 Estrella,ES707,La Palma,ES700B9,Islas de Canarias sin entidades,ES700B99,Islas de Canarias sin núcleos turísticos,38024.0,Los Llanos de Aridane,AVENIDA MARÍTIMA. PTO. NAOS,Menor de 20 apartamentos,Menor de 50 plazas,-17.9094,28.585382,et5687ycbt,215434.39,3165509.67,,
,APARTAMENTOS MARTÍN-ACOSTA,ALOJAMIENTOS,A1,5510_L6,Apartamentos,1,1 Estrella,ES707,La Palma,ES700B9,Islas de Canarias sin entidades,ES700B99,Islas de Canarias sin núcleos turísticos,38024.0,Los Llanos de Aridane,AVENIDA MARÍTIMA. PTO. NAOS,Menor de 20 apartamentos,Menor de 50 plazas,-17.909644,28.585347,et5687y9en,215410.43,3165506.44,,
,APARTAMENTOS MAYOYSA,ALOJAMIENTOS,A2,5510_L6,Apartamentos,2,2 Estrellas,ES707,La Palma,ES700B9,Islas de Canarias sin entidades,ES700B99,Islas de Canarias sin núcleos turísticos,38009.0,Breña Baja,"SAN ANTONIO, 340",Menor de 20 apartamentos,Menor de 50 plazas,-17.766635,28.640022,et56gty8pr,229544.41,3171235.47,,
,APARTAMENTOS MIRAMAR,ALOJAMIENTOS,A1,5510_L6,Apartamentos,1,1 Estrella,ES707,La Palma,ES700B9,Islas de Canarias sin entidades,ES700B99,Islas de Canarias sin núcleos turísticos,38045.0,Tazacorte,CALLE EL POZO,Menor de 20 apartamentos,Menor de 50 plazas,-17.946619,28.651896,et54zxgtmk,211974.18,3172972.87,,
,APARTAMENTOS MIRANDA,ALOJAMIENTOS,A2,5510_L6,Apartamentos,2,2 Estrellas,ES707,La Palma,ES700B9,Islas de Canarias sin entidades,ES700B99,Islas de Canarias sin núcleos turísticos,38008.0,Breña Alta,"CARRETERA GENERAL ZUMACAL, 83",Menor de 20 apartamentos,Menor de 50 plazas,-17.776266,28.656665,et5752z9nv,228645.42,3173102.33,,
,APARTAMENTOS MONTEBREÑA,ALOJAMIENTOS,A1,5510_L6,Apartamentos,1,1 Estrella,ES707,La Palma,ES700B9,Islas de Canarias sin entidades,ES700B99,Islas de Canarias sin núcleos turísticos,38009.0,Breña Baja,"CALLE LA POLVACERA, 159",Menor de 20 apartamentos,Menor de 50 plazas,-17.772939,28.635328,et56gsfhus,228915.84,3170729.39,,
,APARTAMENTOS MONTECRISTO,ALOJAMIENTOS,A1,5510_L6,Apartamentos,1,1 Estrella,ES707,La Palma,ES700B9,Islas de Canarias sin entidades,ES700B99,Islas de Canarias sin núcleos turísticos,38037.0,Santa Cruz de La Palma,"MONTECRISTO, 33",Menor de 20 apartamentos,Menor de 50 plazas,-17.767344,28.684384,et575ty4wu,229589.09,3176154.92,,
,APARTAMENTOS MORANZ,ALOJAMIENTOS,A1,5510_L6,Apartamentos,1,1 Estrella,ES707,La Palma,ES700B9,Islas de Canarias sin entidades,ES700B99,Islas de Canarias sin núcleos turísticos,38024.0,Los Llanos de Aridane,APARTADO DE CORREOS 511,Menor de 20 apartamentos,Menor de 50 plazas,-17.906452,28.59163,et568sbym6,215739.79,3166195.34,,
,"APARTAMENTOS MURALLA, LA",ALOJAMIENTOS,A1,5510_L6,Apartamentos,1,1 Estrella,ES707,La Palma,ES700B9,Islas de Canarias sin entidades,ES700B99,Islas de Canarias sin núcleos turísticos,38024.0,Los Llanos de Aridane,"CARRETERA GENERAL PUERTO DE NAOS, S/N",Menor de 20 apartamentos,Menor de 50 plazas,-17.909892,28.591738,et568kyqvq,215403.39,3166215.48,,
,APARTAMENTOS NAZCO-DÍAZ,ALOJAMIENTOS,A1,5510_L6,Apartamentos,1,1 Estrella,ES707,La Palma,ES700B9,Islas de Canarias sin entidades,ES700B99,Islas de Canarias sin núcleos turísticos,38027.0,El Paso,"CALLE JEDEY, 7. LOS BARROS",Menor de 20 apartamentos,Menor de 50 plazas,-17.879921,28.58534,et5695u1xt,218318.96,3165435.28,,
,APARTAMENTOS NISAMAR,ALOJAMIENTOS,A1,5510_L6,Apartamentos,1,1 Estrella,ES707,La Palma,ES700B9,Islas de Canarias sin entidades,ES700B99,Islas de Canarias sin núcleos turísticos,38024.0,Los Llanos de Aridane,"MANUEL R. QUINTERO, 2",Menor de 20 apartamentos,Menor de 50 plazas,-17.909744,28.585898,et5687ysbt,215402.18,3165567.69,,
,APARTAMENTOS ATLANTIS,ALOJAMIENTOS,A1,5510_L6,Apartamentos,1,1 Estrella,ES707,La Palma,ES700B9,Islas de Canarias sin entidades,ES700B99,Islas de Canarias sin núcleos turísticos,38045.0,Tazacorte,"MARIANO BENLLIURE, 14",De 20 a 39 apartamentos,De 50 a 119 plazas,-17.932481,28.642321,et54zyjvwg,213330.68,3171877.35,,
,APARTAMENTOS OASIS SAN ANTONIO,ALOJAMIENTOS,A2,5510_L6,Apartamentos,2,2 Estrellas,ES707,La Palma,ES700B9,Islas de Canarias sin entidades,ES700B99,Islas de Canarias sin núcleos turísticos,38009.0,Breña Baja,"URBANIZACIÓN SAN ANTONIO DEL MAR, S/N",De 40 a 79 apartamentos,De 120 a 259 plazas,-17.759787,28.646224,et56gygsqg,230230.04,3171907.58,,
,APARTAMENTOS ATLÁNTIDA PÉREZ,ALOJAMIENTOS,A1,5510_L6,Apartamentos,1,1 Estrella,ES707,La Palma,ES700B9,Islas de Canarias sin entidades,ES700B99,Islas de Canarias sin núcleos turísticos,38024.0,Los Llanos de Aridane,CALLE EDF. ATLÁNTIDA. PTO. NAOS,Menor de 20 apartamentos,Menor de 50 plazas,-17.91044,28.587867,et568kq02k,215339.36,3165787.68,,
,APARTAMENTOS ORIÓN,ALOJAMIENTOS,A1,5510_L6,Apartamentos,1,1 Estrella,ES707,La Palma,ES700B9,Islas de Canarias sin entidades,ES700B99,Islas de Canarias sin núcleos turísticos,38045.0,Tazacorte,AVENIDA EMIGRANTES,Menor de 20 apartamentos,Menor de 50 plazas,-17.947276,28.651786,et54zxghy0,211909.56,3172962.35,,
,APARTAMENTOS ATLÁNTIDA PAIS,ALOJAMIENTOS,A1,5510_L6,Apartamentos,1,1 Estrella,ES707,La Palma,ES700B9,Islas de Canarias sin entidades,ES700B99,Islas de Canarias sin núcleos turísticos,38024.0,Los Llanos de Aridane,CALLE EDF. ATLÁNTIDA. PTO. NAOS,Menor de 20 apartamentos,Menor de 50 plazas,-17.910393,28.587891,et568kq099,215344.02,3165790.18,,
,APARTAMENTOS PADRÓN,ALOJAMIENTOS,A1,5510_L6,Apartamentos,1,1 Estrella,ES707,La Palma,ES700B9,Islas de Canarias sin entidades,ES700B99,Islas de Canarias sin núcleos turísticos,38024.0,Los Llanos de Aridane,M. DARIAS MONTESINOS,Menor de 20 apartamentos,Menor de 50 plazas,-17.909952,28.587324,et568knm5z,215385.68,3165726.3,,
,APARTAMENTOS PADRÓN-BRITO,ALOJAMIENTOS,A1,5510_L6,Apartamentos,1,1 Estrella,ES707,La Palma,ES700B9,Islas de Canarias sin entidades,ES700B99,Islas de Canarias sin núcleos turísticos,38024.0,Los Llanos de Aridane,"MAXIMILIANO DARIAS MONTESINOS, Nº 8",Menor de 20 apartamentos,Menor de 50 plazas,-17.91046,28.586888,et568kn48n,215334.79,3165679.24,,
,"APARTAMENTOS PAJEROS, LOS",ALOJAMIENTOS,A3,5510_L6,Apartamentos,3,3 Estrellas,ES707,La Palma,ES700B9,Islas de Canarias sin entidades,ES700B99,Islas de Canarias sin núcleos turísticos,38009.0,Breña Baja,CALLE CAMINO DEL SOCORRO Nº 91-93.,Menor de 20 apartamentos,Menor de 50 plazas,-17.77341,28.655288,et57589c1s,228921.13,3172943.22,,
,"APARTAMENTOS PALMA BEACH, LA",ALOJAMIENTOS,A1,5510_L6,Apartamentos,1,1 Estrella,ES707,La Palma,ES700B9,Islas de Canarias sin entidades,ES700B99,Islas de Canarias sin núcleos turísticos,38024.0,Los Llanos de Aridane,"CALLE JUANA TABARES, 3",Menor de 20 apartamentos,Menor de 50 plazas,-17.908974,28.585554,et5687z4ft,215476.61,3165527.81,,
,APARTAMENTOS PARAISO HOFMEISTER,ALOJAMIENTOS,A1,5510_L6,Apartamentos,1,1 Estrella,ES707,La Palma,ES700B9,Islas de Canarias sin entidades,ES700B99,Islas de Canarias sin núcleos turísticos,38027.0,El Paso,"CALLE ALCALA,16",Menor de 20 apartamentos,Menor de 50 plazas,-17.878867,28.618129,et56c1v08j,218509.66,3169067.83,,
,"APARTAMENTOS PATIO, EL",ALOJAMIENTOS,A1,5510_L6,Apartamentos,1,1 Estrella,ES707,La Palma,ES700B9,Islas de Canarias sin entidades,ES700B99,Islas de Canarias sin núcleos turísticos,38024.0,Los Llanos de Aridane,"CALLE CONVENTO, 41",Menor de 20 apartamentos,Menor de 50 plazas,-17.90892,28.657669,et5702zp5b,215676.47,3173522.57,,
,APARTAMENTOS PLAYA DELPHIN,ALOJAMIENTOS,A2,5510_L6,Apartamentos,2,2 Estrellas,ES707,La Palma,ES700B9,Islas de Canarias sin entidades,ES700B99,Islas de Canarias sin núcleos turísticos,38024.0,Los Llanos de Aridane,"CALLE JOSÉ GUZMÁN PÉREZ, 1",Menor de 20 apartamentos,Menor de 50 plazas,-17.910214,28.586651,et568kn1mc,215358.22,3165652.31,,
,APARTAMENTOS PLAYA NAOS,ALOJAMIENTOS,A1,5510_L6,Apartamentos,1,1 Estrella,ES707,La Palma,ES700B9,Islas de Canarias sin entidades,ES700B99,Islas de Canarias sin núcleos turísticos,38024.0,Los Llanos de Aridane,CALLE CRUZ ROJA. PTO. NAOS,Menor de 20 apartamentos,Menor de 50 plazas,-17.909588,28.587179,et568knskk,215420.85,3165709.42,,
,APARTAMENTOS PLAYA NAOS-CUTILLAS,ALOJAMIENTOS,A1,5510_L6,Apartamentos,1,1 Estrella,ES707,La Palma,ES700B9,Islas de Canarias sin entidades,ES700B99,Islas de Canarias sin núcleos turísticos,38024.0,Los Llanos de Aridane,"CALLE CRUZ ROJA, 10. PTO. NAOS",Menor de 20 apartamentos,Menor de 50 plazas,-17.909588,28.587179,et568knskk,215420.85,3165709.42,,
,APARTAMENTOS RINCÓN TAJUYA,ALOJAMIENTOS,A1,5510_L6,Apartamentos,1,1 Estrella,ES707,La Palma,ES700B9,Islas de Canarias sin entidades,ES700B99,Islas de Canarias sin núcleos turísticos,38024.0,Los Llanos de Aridane,"CALLE ÁNGEL, 2",Menor de 20 apartamentos,Menor de 50 plazas,-17.91221,28.65895,et5703hwrr,215358.24,3173672.34,,
,APARTAMENTOS ROCAMAR,ALOJAMIENTOS,A2,5510_L6,Apartamentos,2,2 Estrellas,ES707,La Palma,ES700B9,Islas de Canarias sin entidades,ES700B99,Islas de Canarias sin núcleos turísticos,38037.0,Santa Cruz de La Palma,"CALLE ABENGUAREME, 12",De 20 a 39 apartamentos,De 50 a 119 plazas,-17.760435,28.690402,et575ygjxy,230279.87,3176806.35,,
,APARTAMENTOS SAN JOSE,ALOJAMIENTOS,A1,5510_L6,Apartamentos,1,1 Estrella,ES707,La Palma,ES700B9,Islas de Canarias sin entidades,ES700B99,Islas de Canarias sin núcleos turísticos,38009.0,Breña Baja,"SAN JOSÉ, 102",Menor de 20 apartamentos,Menor de 50 plazas,-17.775011,28.649596,et56gx2xup,228749.93,3172315.86,,
,Casa La Fuente Garafía,,,,Vivienda Vacacional,,Rural,,,,,,,,Garafía,,,,,,,,,,
,Casa Los Hondos Garafía,,,,Vivienda Vacacional,,Rural,,,,,,,,Garafía,,,,,,,,,,
,Casa Rural Los Melindros,,,,Casa Rural,,Rural,,,,,,,,Puntallana,,,,,,,,,,
,Casa Rural Doña Herminia,,,,Casa Rural,,Rural,,,,,,,,Puntallana,,,,,,,,,,
